daily_time,utci,cdf,pmf,Year
0G_24,-40,0.9990746404165386,NA,1990
0G_24,-39,0.9987640256098604,3.1061480667815555e-4,1990
0G_24,-38,0.9983947977623726,3.6922784748782966e-4,1990
0G_24,-37,0.99794741194856,4.4738581381265075e-4,1990
0G_24,-36,0.9974204236941726,5.269882543873505e-4,1990
0G_24,-35,0.9967988126900384,6.216110041341594e-4,1990
0G_24,-34,0.9960922008899858,7.066118000526034e-4,1990
0G_24,-33,0.9953116445657892,7.805563241966018e-4,1990
0G_24,-32,0.9944172718835512,8.943726822380205e-4,1990
0G_24,-31,0.9934401426406924,9.771292428588652e-4,1990
0G_24,-30,0.9923687771916014,0.001071365449090922,1990
0G_24,-29,0.9911738617616312,0.0011949154299701892,1990
0G_24,-28,0.989869542510281,0.0013043192513502166,1990
0G_24,-27,0.988408790260903,0.0014607522493780278,1990
0G_24,-26,0.986856590551154,0.0015521997097489582,1990
0G_24,-25,0.9851734289890676,0.001683161562086477,1990
0G_24,-24,0.983349083212104,0.001824345776963554,1990
0G_24,-23,0.9813614384209336,0.0019876447911704176,1990
0G_24,-22,0.9792130965345928,0.002148341886340832,1990
0G_24,-21,0.9768510640767764,0.00236203245781641,1990
0G_24,-20,0.9742407195853088,0.0026103444914675755,1990
0G_24,-19,0.9714093169039726,0.0028314026813361926,1990
0G_24,-18,0.9682988538341596,0.0031104630698129965,1990
0G_24,-17,0.9648101590197196,0.00348869481444003,1990
0G_24,-16,0.96086572798447,0.0039444310352495515,1990
0G_24,-15,0.9563927015242348,0.004473026460235174,1990
0G_24,-14,0.9513425169494962,0.005050184574738603,1990
0G_24,-13,0.9457630084196192,0.005579508529876986,1990
0G_24,-12,0.93967045983647,0.0060925485831492265,1990
0G_24,-11,0.9331369394489296,0.0065335203875404035,1990
0G_24,-10,0.9262527089744728,0.006884230474456854,1990
0G_24,-9,0.9188357741056072,0.007416934868865521,1990
0G_24,-8,0.9108449653404967,0.007990808765110491,1990
0G_24,-7,0.9020950481467772,0.008749917193719536,1990
0G_24,-6,0.8926166921895297,0.009478355957247553,1990
0G_24,-5,0.882226592405416,0.010390099784113649,1990
0G_24,-4,0.8709846178155451,0.011241974589870862,1990
0G_24,-3,0.858782202785915,0.012202415029630154,1990
0G_24,-2,0.845576392116062,0.013205810669853046,1990
0G_24,-1,0.8315713653464302,0.014005026769631779,1990
0G_24,0,0.8167152655241793,0.01485609982225089,1990
0G_24,1,0.8009784832801605,0.015736782244018754,1990
0G_24,2,0.7844491195221588,0.016529363758001736,1990
0G_24,3,0.7670021445939167,0.0174469749282421,1990
0G_24,4,0.7488304206701064,0.01817172392381028,1990
0G_24,5,0.729904939807125,0.018925480862981403,1990
0G_24,6,0.7102735316516801,0.01963140815544495,1990
0G_24,7,0.690096850920892,0.020176680730788044,1990
0G_24,8,0.6691719372768121,0.02092491364407989,1990
0G_24,9,0.6473914417684614,0.021780495508350706,1990
0G_24,10,0.6250415930357843,0.02234984873267709,1990
0G_24,11,0.6019297762026455,0.023111816833138787,1990
0G_24,12,0.5779829187777495,0.023946857424895995,1990
0G_24,13,0.5533327610136747,0.024650157764074865,1990
0G_24,14,0.5282519075456713,0.025080853468003372,1990
0G_24,15,0.5029339209930859,0.025317986552585436,1990
0G_24,16,0.4769754994227728,0.025958421570313084,1990
0G_24,17,0.45055513143616127,0.026420367986611515,1990
0G_24,18,0.4237032466533083,0.026851884782852997,1990
0G_24,19,0.39677698247838405,0.02692626417492422,1990
0G_24,20,0.36969020489999777,0.02708677757838629,1990
0G_24,21,0.34251425649809064,0.027175948401907124,1990
0G_24,22,0.3150080427478408,0.027506213750249864,1990
0G_24,23,0.2874040737070721,0.027603969040768672,1990
0G_24,24,0.2592493052789995,0.02815476842807263,1990
0G_24,25,0.23026217091502296,0.028987134363976513,1990
0G_24,26,0.20088737799425796,0.029374792920765003,1990
0G_24,27,0.1722183785600195,0.02866899943423845,1990
0G_24,28,0.14605952455053606,0.02615885400948345,1990
0G_24,29,0.12331510490892102,0.02274441964161504,1990
0G_24,30,0.10391795340230506,0.01939715150661596,1990
0G_24,31,0.08705746026101421,0.016860493141290844,1990
0G_24,32,0.07200129087035216,0.015056169390662053,1990
0G_24,33,0.0581461131956325,0.013855177674719658,1990
0G_24,34,0.04561582581561733,0.012530287380015173,1990
0G_24,35,0.03446601779669701,0.01114980801892032,1990
0G_24,36,0.02481633774821007,0.009649680048486937,1990
0G_24,37,0.01677409124047571,0.008042246507734361,1990
0G_24,38,0.01047424922122666,0.00629984201924905,1990
0G_24,39,0.00587109796759378,0.00460315125363288,1990
0G_24,40,0.00293448656319927,0.00293661140439451,1990
0G_24,-40,0.999856892771824,NA,2020
0G_24,-39,0.9997979957928438,5.8896978980205184e-5,2020
0G_24,-38,0.9997154110202984,8.258477254541319e-5,2020
0G_24,-37,0.9996027843745212,1.1262664577715853e-4,2020
0G_24,-36,0.999444043849802,1.5874052471920308e-4,2020
0G_24,-35,0.9992512950150648,1.9274883473718862e-4,2020
0G_24,-34,0.999004036976317,2.472580387478107e-4,2020
0G_24,-33,0.9986974259210296,3.0661105528739796e-4,2020
0G_24,-32,0.9983123213867348,3.851045342948556e-4,2020
0G_24,-31,0.9978437061304296,4.6861525630514933e-4,2020
0G_24,-30,0.997295497612618,5.482085178115659e-4,2020
0G_24,-29,0.9966449550400108,6.505425726072156e-4,2020
0G_24,-28,0.9958788442431212,7.661107968895964e-4,2020
0G_24,-27,0.9949919097995376,8.869344435836757e-4,2020
0G_24,-26,0.9939682544470382,0.0010236553524993752,2020
0G_24,-25,0.9928205661409396,0.001147688306098571,2020
0G_24,-24,0.9915620851253064,0.001258481015633195,2020
0G_24,-23,0.9901629762750476,0.0013991088502588456,2020
0G_24,-22,0.9886212060231662,0.0015417702518814025,2020
0G_24,-21,0.9869191834191076,0.0017020226040586062,2020
0G_24,-20,0.9850182194526274,0.001900963966480207,2020
0G_24,-19,0.9829018288969776,0.0021163905556497165,2020
0G_24,-18,0.980524235728548,0.0023775931684296703,2020
0G_24,-17,0.9777998235341714,0.0027244121943765798,2020
0G_24,-16,0.9746509893672826,0.0031488341668888253,2020
0G_24,-15,0.9710347647285176,0.0036162246387649866,2020
0G_24,-14,0.9668679896056344,0.004166775122883215,2020
0G_24,-13,0.9620672971782562,0.004800692427378128,2020
0G_24,-12,0.95665431898946,0.005412978188796269,2020
0G_24,-11,0.9507189526442832,0.0059353663451767735,2020
0G_24,-10,0.944364159608332,0.006354793035951212,2020
0G_24,-9,0.937444091184263,0.006920068424069004,2020
0G_24,-8,0.9299311653496942,0.007512925834568751,2020
0G_24,-7,0.9217088032953048,0.00822236205438942,2020
0G_24,-6,0.9126061831259236,0.009102620169381237,2020
0G_24,-5,0.9027585660194732,0.009847617106450324,2020
0G_24,-4,0.8920157147740874,0.010742851245385876,2020
0G_24,-3,0.8805754192693718,0.011440295504715592,2020
0G_24,-2,0.8684177870775595,0.012157632191812318,2020
0G_24,-1,0.8554659513050503,0.012951835772509135,2020
0G_24,0,0.8416297497468328,0.01383620155821752,2020
0G_24,1,0.8267490540547326,0.014880695692100154,2020
0G_24,2,0.810844225472489,0.015904828582243624,2020
0G_24,3,0.7939081854807951,0.016936039991693908,2020
0G_24,4,0.7760815367045965,0.01782664877619866,2020
0G_24,5,0.7573246027028994,0.01875693400169709,2020
0G_24,6,0.7379359332678493,0.01938866943505002,2020
0G_24,7,0.7179104908049597,0.02002544246288962,2020
0G_24,8,0.6974482617957376,0.02046222900922212,2020
0G_24,9,0.6767034428072474,0.020744818988490232,2020
0G_24,10,0.6552964719176445,0.02140697088960286,2020
0G_24,11,0.6333518698763494,0.021944602041295114,2020
0G_24,12,0.610414986941528,0.022936882934821434,2020
0G_24,13,0.5864956191504886,0.023919367791039314,2020
0G_24,14,0.5615514042003699,0.02494421495011878,2020
0G_24,15,0.5358228801435067,0.02572852405686321,2020
0G_24,16,0.509539046156739,0.026283833986767702,2020
0G_24,17,0.4824129560975393,0.027126090059199637,2020
0G_24,18,0.45475747399376654,0.027655482103772777,2020
0G_24,19,0.4264546291563617,0.02830284483740486,2020
0G_24,20,0.3979645971571229,0.028490031999238774,2020
0G_24,21,0.3695290685167625,0.02843552864036042,2020
0G_24,22,0.3413764124604655,0.028152656056296965,2020
0G_24,23,0.31341062743516257,0.027965785025302947,2020
0G_24,24,0.2855068348363419,0.027903792598820643,2020
0G_24,25,0.25737402925457326,0.028132805581768672,2020
0G_24,26,0.2280731780514746,0.029300851203098666,2020
0G_24,27,0.1976540565842293,0.03041912146724529,2020
0G_24,28,0.1676818361254604,0.029972220458768906,2020
0G_24,29,0.14060613653213602,0.02707569959332437,2020
0G_24,30,0.11808487504972828,0.02252126148240774,2020
0G_24,31,0.09914311180513947,0.018941763244588808,2020
0G_24,32,0.08258449153117672,0.01655862027396275,2020
0G_24,33,0.06748218664058245,0.015102304890594276,2020
0G_24,34,0.05358417025942322,0.013898016381159228,2020
0G_24,35,0.04069182470857969,0.01289234555084353,2020
0G_24,36,0.02911410993605628,0.01157771477252341,2020
0G_24,37,0.01930756779509378,0.0098065421409625,2020
0G_24,38,0.01158867829337062,0.007718889501723161,2020
0G_24,39,0.00626169724684237,0.005326981046528249,2020
0G_24,40,0.00294101410807161,0.0033206831387707606,2020
1G_6t22,-40,0.9994214661168342,NA,1990
1G_6t22,-39,0.9992164269820684,2.050391347658831e-4,1990
1G_6t22,-38,0.998957217397564,2.592095845043163e-4,1990
1G_6t22,-37,0.9986355870119812,3.216303855828606e-4,1990
1G_6t22,-36,0.9982480748406202,3.8751217136101523e-4,1990
1G_6t22,-35,0.9978217433146568,4.2633152596338597e-4,1990
1G_6t22,-34,0.9973330156547736,4.887276598831702e-4,1990
1G_6t22,-33,0.9967746947632228,5.583208915508342e-4,1990
1G_6t22,-32,0.996131322224209,6.43372539013809e-4,1990
1G_6t22,-31,0.9954228861401816,7.084360840273751e-4,1990
1G_6t22,-30,0.994636663047482,7.862230926996006e-4,1990
1G_6t22,-29,0.9937412146898804,8.954483576015804e-4,1990
1G_6t22,-28,0.9927613279084432,9.798867814372336e-4,1990
1G_6t22,-27,0.9916564675364848,0.0011048603719583383,1990
1G_6t22,-26,0.9904843199754668,0.001172147561018022,1990
1G_6t22,-25,0.9891973915538548,0.0012869284216120436,1990
1G_6t22,-24,0.9878070435653392,0.0013903479885155612,1990
1G_6t22,-23,0.9862557605186226,0.0015512830467165895,1990
1G_6t22,-22,0.9845942905866356,0.001661469931987014,1990
1G_6t22,-21,0.9828038349632728,0.0017904556233627744,1990
1G_6t22,-20,0.9808462746910108,0.0019575602722620156,1990
1G_6t22,-19,0.9787187545324214,0.0021275201585894132,1990
1G_6t22,-18,0.9763412603690532,0.002377494163368188,1990
1G_6t22,-17,0.9736717767399156,0.002669483629137659,1990
1G_6t22,-16,0.9706664071820096,0.003005369557905979,1990
1G_6t22,-15,0.9672497114772134,0.003416695704796191,1990
1G_6t22,-14,0.9634368878345017,0.003812823642711738,1990
1G_6t22,-13,0.9592428434720004,0.004194044362501259,1990
1G_6t22,-12,0.9546296643689028,0.004613179103097553,1990
1G_6t22,-11,0.9496720708588192,0.004957593510083624,1990
1G_6t22,-10,0.9444706409011036,0.005201429957715664,1990
1G_6t22,-9,0.938795701002342,0.005674939898761555,1990
1G_6t22,-8,0.9326730170483752,0.006122683953966757,1990
1G_6t22,-7,0.925967366654295,0.00670565039408022,1990
1G_6t22,-6,0.9185650186275558,0.007402348026739225,1990
1G_6t22,-5,0.9103220497927104,0.008242968834845432,1990
1G_6t22,-4,0.9012200068693336,0.009102042923376796,1990
1G_6t22,-3,0.8912627119688031,0.009957294900530433,1990
1G_6t22,-2,0.8804418550569518,0.010820856911851306,1990
1G_6t22,-1,0.8688712005109274,0.011570654546024461,1990
1G_6t22,0,0.8564988999721054,0.01237230053882199,1990
1G_6t22,1,0.8432638425476485,0.013235057424456853,1990
1G_6t22,2,0.8291258345541986,0.014138007993449886,1990
1G_6t22,3,0.8139614833424045,0.015164351211794158,1990
1G_6t22,4,0.7979842592757326,0.015977224066671902,1990
1G_6t22,5,0.7813397746432579,0.0166444846324747,1990
1G_6t22,6,0.763861345272416,0.017478429370841875,1990
1G_6t22,7,0.745662050890343,0.018199294382073017,1990
1G_6t22,8,0.7266716850280664,0.018990365862276537,1990
1G_6t22,9,0.7068261397102686,0.019845545317797808,1990
1G_6t22,10,0.6863429239164557,0.02048321579381296,1990
1G_6t22,11,0.665119715897668,0.02122320801878763,1990
1G_6t22,12,0.6431394760895985,0.021980239808069513,1990
1G_6t22,13,0.6202990457126135,0.02284043037698502,1990
1G_6t22,14,0.5965609105843052,0.023738135128308357,1990
1G_6t22,15,0.572278678733308,0.024282231850997205,1990
1G_6t22,16,0.5470493757445675,0.025229302988740487,1990
1G_6t22,17,0.5212731679160065,0.025776207828560938,1990
1G_6t22,18,0.494777524476485,0.026495643439521543,1990
1G_6t22,19,0.46763959396179866,0.027137930514686326,1990
1G_6t22,20,0.4398881343224769,0.02775145963932174,1990
1G_6t22,21,0.41172202684395576,0.028166107478521163,1990
1G_6t22,22,0.3828001210008289,0.02892190584312687,1990
1G_6t22,23,0.3534319495061026,0.02936817149472626,1990
1G_6t22,24,0.32348891707956823,0.0299430324265344,1990
1G_6t22,25,0.2928368527867435,0.030652064292824743,1990
1G_6t22,26,0.2621263076331332,0.03071054515361027,1990
1G_6t22,27,0.23207287753143355,0.03005343010169967,1990
1G_6t22,28,0.20375528293334855,0.028317594598085,1990
1G_6t22,29,0.17728394423634297,0.026471338697005575,1990
1G_6t22,30,0.1524941272223631,0.024789817013979865,1990
1G_6t22,31,0.12926052350174794,0.02323360372061517,1990
1G_6t22,32,0.10754600107467,0.021714522427077942,1990
1G_6t22,33,0.08709276986683583,0.02045323120783417,1990
1G_6t22,34,0.06838953092392254,0.018703238942913286,1990
1G_6t22,35,0.05168633541866714,0.016703195505255397,1990
1G_6t22,36,0.03721619056264091,0.014470144856026233,1990
1G_6t22,37,0.02515604990492886,0.012060140657712048,1990
1G_6t22,38,0.01570871651486547,0.00944733339006339,1990
1G_6t22,39,0.00880620791218314,0.006902508602682331,1990
1G_6t22,40,0.0044017048734654,0.00440450303871774,1990
1G_6t22,-40,0.9998921846038278,NA,2020
1G_6t22,-39,0.9998497549976776,4.2429606150196086e-5,2020
1G_6t22,-38,0.9997920474012169,5.770759646073209e-5,2020
1G_6t22,-37,0.9997104945860196,8.15528151972833e-5,2020
1G_6t22,-36,0.999598786723318,1.1170786270153776e-4,2020
1G_6t22,-35,0.9994619235500284,1.3686317328964748e-4,2020
1G_6t22,-34,0.9992820175084508,1.7990604157758217e-4,2020
1G_6t22,-33,0.9990595763900442,2.224411184066355e-4,2020
1G_6t22,-32,0.998780036127892,2.795402621521559e-4,2020
1G_6t22,-31,0.9984497243087356,3.303118191564369e-4,2020
1G_6t22,-30,0.9980583311929552,3.913931157804029e-4,2020
1G_6t22,-29,0.9975840329686648,4.742982242903482e-4,2020
1G_6t22,-28,0.9970191213341248,5.649116345399774e-4,2020
1G_6t22,-27,0.9963906650176908,6.284563164340451e-4,2020
1G_6t22,-26,0.9956435976777964,7.470673398943806e-4,2020
1G_6t22,-25,0.9947904418925422,8.531557852542448e-4,2020
1G_6t22,-24,0.9938514588670274,9.389830255147613e-4,2020
1G_6t22,-23,0.992812945093931,0.0010385137730963834,2020
1G_6t22,-22,0.9916606460672992,0.0011522990266318311,2020
1G_6t22,-21,0.9903993453239952,0.0012613007433039947,2020
1G_6t22,-20,0.9889817764965488,0.0014175688274463694,2020
1G_6t22,-19,0.9874020975307296,0.0015796789658192312,2020
1G_6t22,-18,0.9856028621305716,0.001799235400158028,2020
1G_6t22,-17,0.9835804387996108,0.0020224233309608097,2020
1G_6t22,-16,0.9812489379200466,0.00233150087956413,2020
1G_6t22,-15,0.9785821661422665,0.002666771777780186,2020
1G_6t22,-14,0.9755441189171776,0.0030380472250888246,2020
1G_6t22,-13,0.972100063855548,0.0034440550616295917,2020
1G_6t22,-12,0.968249414157024,0.003850649698524,2020
1G_6t22,-11,0.9640061372233903,0.004243276933633688,2020
1G_6t22,-10,0.9593638658487365,0.004642271374653895,2020
1G_6t22,-9,0.9542467231399075,0.005117142708828903,2020
1G_6t22,-8,0.9487124646124124,0.005534258527495117,2020
1G_6t22,-7,0.942621467079478,0.006090997532934406,2020
1G_6t22,-6,0.935836980407443,0.006784486672035017,2020
1G_6t22,-5,0.9284463192471,0.007390661160343037,2020
1G_6t22,-4,0.9203310320965388,0.008115287150561201,2020
1G_6t22,-3,0.9115091849305924,0.008821847165946362,2020
1G_6t22,-2,0.9018793162614728,0.009629868669119634,2020
1G_6t22,-1,0.8914876051596882,0.010391711101784606,2020
1G_6t22,0,0.8802633838399633,0.011224221319724892,2020
1G_6t22,1,0.8680919518949082,0.0121714319450551,2020
1G_6t22,2,0.8550242982308685,0.013067653664039725,2020
1G_6t22,3,0.8409081742303055,0.014116124000562946,2020
1G_6t22,4,0.8258605964307252,0.015047577799580325,2020
1G_6t22,5,0.8097878635309598,0.016072732899765407,2020
1G_6t22,6,0.7928560272756909,0.01693183625526884,2020
1G_6t22,7,0.775034568910779,0.01782145836491189,2020
1G_6t22,8,0.7564680812091423,0.018566487701636714,2020
1G_6t22,9,0.7372103091680553,0.01925777204108703,2020
1G_6t22,10,0.7171034139567736,0.020106895211281728,2020
1G_6t22,11,0.6963088941977907,0.020794519758982832,2020
1G_6t22,12,0.6743802588891431,0.021928635308647637,2020
1G_6t22,13,0.6514771436056848,0.022903115283458342,2020
1G_6t22,14,0.6275574039844533,0.023919739621231506,2020
1G_6t22,15,0.6028746271006564,0.02468277688379683,2020
1G_6t22,16,0.5774579985037398,0.025416628596916624,2020
1G_6t22,17,0.5511789892395086,0.026279009264231212,2020
1G_6t22,18,0.5242373579605212,0.02694163127898741,2020
1G_6t22,19,0.4962561817733829,0.0279811761871383,2020
1G_6t22,20,0.467654542116785,0.0286016396565979,2020
1G_6t22,21,0.4388504866804731,0.02880405543631187,2020
1G_6t22,22,0.4097625097727955,0.029087976907677615,2020
1G_6t22,23,0.3805490926014653,0.02921341717133019,2020
1G_6t22,24,0.35098797309515284,0.02956111950631246,2020
1G_6t22,25,0.3212382906833235,0.029749682411829348,2020
1G_6t22,26,0.29085521536302106,0.030383075320302433,2020
1G_6t22,27,0.25990405453363796,0.030951160829383095,2020
1G_6t22,28,0.22927976201689895,0.03062429251673901,2020
1G_6t22,29,0.19994783474921923,0.02933192726767972,2020
1G_6t22,30,0.17262078111517018,0.027327053634049053,2020
1G_6t22,31,0.14714858493335192,0.025472196181818257,2020
1G_6t22,32,0.12343724167817322,0.023711343255178707,2020
1G_6t22,33,0.10111257603914124,0.022324665639031974,2020
1G_6t22,34,0.08034386631105206,0.020768709728089182,2020
1G_6t22,35,0.06102590535989473,0.01931796095115733,2020
1G_6t22,36,0.04366646895902192,0.017359436400872813,2020
1G_6t22,37,0.02895952830882414,0.014706940650197776,2020
1G_6t22,38,0.01738245303879102,0.01157707527003312,2020
1G_6t22,39,0.00939250517874524,0.007989947860045782,2020
1G_6t22,40,0.00441152116210742,0.0049809840166378195,2020
2G_apr2sep,-40,0.9999999557969188,NA,1990
2G_apr2sep,-39,0.9999999557969188,0,1990
2G_apr2sep,-38,0.999999911507272,4.428964683889092e-8,1990
2G_apr2sep,-37,0.9999998619109278,4.959634414269942e-8,1990
2G_apr2sep,-36,0.9999996737854084,1.8812551938474087e-7,1990
2G_apr2sep,-35,0.9999988461508228,8.276345856428335e-7,1990
2G_apr2sep,-34,0.9999972515023964,1.5946484264173222e-6,1990
2G_apr2sep,-33,0.9999951368107046,2.1146916917569314e-6,1990
2G_apr2sep,-32,0.999991987002374,3.149808330604742e-6,1990
2G_apr2sep,-31,0.9999865664105172,5.420591856819534e-6,1990
2G_apr2sep,-30,0.9999791524419304,7.413968586833519e-6,1990
2G_apr2sep,-29,0.9999696520886456,9.500353284730423e-6,1990
2G_apr2sep,-28,0.9999539617698382,1.5690318807437542e-5,1990
2G_apr2sep,-27,0.9999336043753078,2.0357394530434725e-5,1990
2G_apr2sep,-26,0.99990445159771,2.915277759774071e-5,1990
2G_apr2sep,-25,0.999865912279668,3.853931804198574e-5,1990
2G_apr2sep,-24,0.999817743837816,4.816844185207003e-5,1990
2G_apr2sep,-23,0.9997518293534584,6.591448435755431e-5,1990
2G_apr2sep,-22,0.9996623845262744,8.944482718398206e-5,1990
2G_apr2sep,-21,0.9995559141795364,1.0647034673805233e-4,1990
2G_apr2sep,-20,0.9994204255114216,0.00013548866811474714,1990
2G_apr2sep,-19,0.999242758529624,1.7766698179766394e-4,1990
2G_apr2sep,-18,0.9990000719334396,2.426865961843161e-4,1990
2G_apr2sep,-17,0.9987003341726052,2.997377608344731e-4,1990
2G_apr2sep,-16,0.9983140929841012,3.8624118850394407e-4,1990
2G_apr2sep,-15,0.9978178399662406,4.962530178606039e-4,1990
2G_apr2sep,-14,0.9972006207284296,6.172192378109953e-4,1990
2G_apr2sep,-13,0.996447862391055,7.527583373746483e-4,1990
2G_apr2sep,-12,0.9955505168791338,8.973455119212215e-4,1990
2G_apr2sep,-11,0.9945495505948444,0.0010009662842893619,1990
2G_apr2sep,-10,0.9934267096596394,0.0011228409352049828,1990
2G_apr2sep,-9,0.9921283321165472,0.001298377543092255,1990
2G_apr2sep,-8,0.990648079147724,0.001480252968823148,1990
2G_apr2sep,-7,0.9889653125779632,0.0016827665697608518,1990
2G_apr2sep,-6,0.9870553559865352,0.0019099565914280081,1990
2G_apr2sep,-5,0.984869504124396,0.0021858518621391543,1990
2G_apr2sep,-4,0.9823392349931528,0.0025302691312432124,1990
2G_apr2sep,-3,0.9794148319243094,0.0029244030688433398,1990
2G_apr2sep,-2,0.9760162730483836,0.0033985588759258833,1990
2G_apr2sep,-1,0.9721007576295372,0.0039155154188463825,1990
2G_apr2sep,0,0.9675690572274986,0.004531700402038541,1990
2G_apr2sep,1,0.9623256668683324,0.005243390359166211,1990
2G_apr2sep,2,0.9562935766207744,0.00603209024755802,1990
2G_apr2sep,3,0.949474536627128,0.006819039993646414,1990
2G_apr2sep,4,0.9418124558567272,0.007662080770400759,1990
2G_apr2sep,5,0.933110341080226,0.00870211477650129,1990
2G_apr2sep,6,0.9234483107177226,0.009662030362503349,1990
2G_apr2sep,7,0.9128191705306428,0.010629140187079833,1990
2G_apr2sep,8,0.9008577111549864,0.011961459375656402,1990
2G_apr2sep,9,0.8876718225601938,0.013185888594792528,1990
2G_apr2sep,10,0.8729514562685149,0.014720366291678944,1990
2G_apr2sep,11,0.8562593089790768,0.01669214728943813,1990
2G_apr2sep,12,0.8378469685279262,0.01841234045115059,1990
2G_apr2sep,13,0.8174909513593863,0.020356017168539853,1990
2G_apr2sep,14,0.7956188414461183,0.021872109913268045,1990
2G_apr2sep,15,0.7720467011484462,0.023572140297672073,1990
2G_apr2sep,16,0.7464943448721835,0.025552356276262733,1990
2G_apr2sep,17,0.718574031227977,0.02792031364420644,1990
2G_apr2sep,18,0.6880725802037491,0.030501451024227966,1990
2G_apr2sep,19,0.6556369123295697,0.0324356678741794,1990
2G_apr2sep,20,0.6213333899205107,0.034303522409058984,1990
2G_apr2sep,21,0.5848993890522501,0.03643400086826054,1990
2G_apr2sep,22,0.5462422478931702,0.03865714115907992,1990
2G_apr2sep,23,0.5057274578689755,0.04051479002419467,1990
2G_apr2sep,24,0.4628898709348512,0.04283758693412437,1990
2G_apr2sep,25,0.4170143391789793,0.04587553175587189,1990
2G_apr2sep,26,0.36861276327930864,0.048401575899670646,1990
2G_apr2sep,27,0.32003035425695686,0.04858240902235178,1990
2G_apr2sep,28,0.27471496629437697,0.04531538796257989,1990
2G_apr2sep,29,0.23448827651241289,0.04022668978196409,1990
2G_apr2sep,30,0.19966208493144524,0.03482619158096764,1990
2G_apr2sep,31,0.16889429768426606,0.030767787247179185,1990
2G_apr2sep,32,0.14097162484964404,0.02792267283462202,1990
2G_apr2sep,33,0.11466869857767678,0.02630292627196726,1990
2G_apr2sep,34,0.09039992234209748,0.024268776235579298,1990
2G_apr2sep,35,0.06852893731995104,0.021870985022146447,1990
2G_apr2sep,36,0.04943493319932864,0.0190940041206224,1990
2G_apr2sep,37,0.03343980284322087,0.015995130356107765,1990
2G_apr2sep,38,0.02088730973850424,0.012552493104716633,1990
2G_apr2sep,39,0.01170872245736727,0.00917858728113697,1990
2G_apr2sep,40,0.00585276108078725,0.0058559613765800204,1990
2G_apr2sep,-40,0.9999996824721242,NA,2020
2G_apr2sep,-39,0.9999995421566183,1.4031550588100572e-7,2020
2G_apr2sep,-38,0.9999992909714842,2.511851341369109e-7,2020
2G_apr2sep,-37,0.9999988710124031,4.1995908106606805e-7,2020
2G_apr2sep,-36,0.9999983354703073,5.355420958919055e-7,2020
2G_apr2sep,-35,0.999997726827789,6.086425182738608e-7,2020
2G_apr2sep,-34,0.999996797854026,9.289737630258088e-7,2020
2G_apr2sep,-33,0.9999952995397152,1.4983143107327734e-6,2020
2G_apr2sep,-32,0.999993064150412,2.2353893032178718e-6,2020
2G_apr2sep,-31,0.9999902353603672,2.8287900447621084e-6,2020
2G_apr2sep,-30,0.9999855178241044,4.717536262854871e-6,2020
2G_apr2sep,-29,0.9999780746031256,7.443220978786691e-6,2020
2G_apr2sep,-28,0.9999662818828112,1.1792720314374172e-5,2020
2G_apr2sep,-27,0.9999511264252346,1.5155457576576659e-5,2020
2G_apr2sep,-26,0.9999320315758772,1.9094849357470522e-5,2020
2G_apr2sep,-25,0.9999045154988574,2.7516077019784646e-5,2020
2G_apr2sep,-24,0.999868658728229,3.5856770628339696e-5,2020
2G_apr2sep,-23,0.9998214833610334,4.717536719567317e-5,2020
2G_apr2sep,-22,0.999766838756062,5.464460497139889e-5,2020
2G_apr2sep,-21,0.9996942397795796,7.259897648237423e-5,2020
2G_apr2sep,-20,0.9996084751208024,8.576465877718764e-5,2020
2G_apr2sep,-19,0.9995017553166702,1.0671980413223814e-4,2020
2G_apr2sep,-18,0.9993665023259952,1.352529906749611e-4,2020
2G_apr2sep,-17,0.9991888603061284,1.7764201986680828e-4,2020
2G_apr2sep,-16,0.9989763890220096,2.1247128411883143e-4,2020
2G_apr2sep,-15,0.9987108915289716,2.6549749303794723e-4,2020
2G_apr2sep,-14,0.9983826284405372,3.2826308843447727e-4,2020
2G_apr2sep,-13,0.9979959813883672,3.8664705216995277e-4,2020
2G_apr2sep,-12,0.9975403217078872,4.556596804800028e-4,2020
2G_apr2sep,-11,0.9970106547659492,5.296669419380118e-4,2020
2G_apr2sep,-10,0.9963815083688482,6.291463971009881e-4,2020
2G_apr2sep,-9,0.9956064046867408,7.751036821074253e-4,2020
2G_apr2sep,-8,0.9946788686382784,9.275360484624073e-4,2020
2G_apr2sep,-7,0.9935847150895648,0.0010941535487135612,2020
2G_apr2sep,-6,0.9922397822419692,0.0013449328475956257,2020
2G_apr2sep,-5,0.9906709130497704,0.0015688691921987852,2020
2G_apr2sep,-4,0.988742809932378,0.0019281031173924434,2020
2G_apr2sep,-3,0.9865053656887104,0.0022374442436675634,2020
2G_apr2sep,-2,0.9839626813404254,0.0025426843482849737,2020
2G_apr2sep,-1,0.9810004524982696,0.0029622288421558007,2020
2G_apr2sep,0,0.97746090502822,0.0035395474700495866,2020
2G_apr2sep,1,0.9732209971574818,0.0042399078707382465,2020
2G_apr2sep,2,0.968266760771636,0.0049542363858458005,2020
2G_apr2sep,3,0.9626497519159,0.0056170088557360165,2020
2G_apr2sep,4,0.9562842263963628,0.006365525519537174,2020
2G_apr2sep,5,0.9490016371409564,0.007282589255406369,2020
2G_apr2sep,6,0.9408757453376536,0.00812589180330281,2020
2G_apr2sep,7,0.9317071531401856,0.009168592197468017,2020
2G_apr2sep,8,0.9217115970402852,0.009995556099900438,2020
2G_apr2sep,9,0.9108105334069138,0.0109010636333714,2020
2G_apr2sep,10,0.8987664439891767,0.012044089417737047,2020
2G_apr2sep,11,0.8855601612583937,0.013206282730783059,2020
2G_apr2sep,12,0.87087757225491,0.014682589003483626,2020
2G_apr2sep,13,0.8544527188672545,0.016424853387655536,2020
2G_apr2sep,14,0.8359960368007727,0.018456682066481767,2020
2G_apr2sep,15,0.8150656061349636,0.02093043066580913,2020
2G_apr2sep,16,0.7916877886531147,0.02337781748184886,2020
2G_apr2sep,17,0.7652411674488235,0.0264466212042912,2020
2G_apr2sep,18,0.7359126961986594,0.029328471250164134,2020
2G_apr2sep,19,0.7035911023909964,0.032321593807662974,2020
2G_apr2sep,20,0.6690395418477907,0.03455156054320574,2020
2G_apr2sep,21,0.6324260823225903,0.03661345952520034,2020
2G_apr2sep,22,0.5944150109703936,0.038011071352196724,2020
2G_apr2sep,23,0.5548981189451576,0.039516892025236006,2020
2G_apr2sep,24,0.5136611013065335,0.041237017638624085,2020
2G_apr2sep,25,0.4699312715778598,0.04372982972867373,2020
2G_apr2sep,26,0.4220500715535443,0.04788120002431551,2020
2G_apr2sep,27,0.3701071119645733,0.051942959588970994,2020
2G_apr2sep,28,0.3172690439026698,0.0528380680619035,2020
2G_apr2sep,29,0.2686261785095845,0.04864286539308532,2020
2G_apr2sep,30,0.22772592019292992,0.04090025831665456,2020
2G_apr2sep,31,0.19279929509900484,0.03492662509392508,2020
2G_apr2sep,32,0.1617082433567805,0.031091051742224346,2020
2G_apr2sep,33,0.13283129061213528,0.028876952744645218,2020
2G_apr2sep,34,0.10590308883114125,0.026928201780994032,2020
2G_apr2sep,35,0.08063711862069906,0.02526597021044219,2020
2G_apr2sep,36,0.05782595492966896,0.022811163691030097,2020
2G_apr2sep,37,0.03841333265256949,0.019412622277099466,2020
2G_apr2sep,38,0.02309530665038996,0.015318026002179533,2020
2G_apr2sep,39,0.012485575104721,0.01060973154566896,2020
2G_apr2sep,40,0.00586519010036958,0.00662038500435142,2020
3G_oct2mar,-40,0.9981442408857168,NA,1990
3G_oct2mar,-39,0.997521304597598,6.22936288118825e-4,1990
3G_oct2mar,-38,0.9967808647111824,7.404398864155892e-4,1990
3G_oct2mar,-37,0.9958836847885968,8.971799225856447e-4,1990
3G_oct2mar,-36,0.9948270018991388,0.0010566828894580382,1990
3G_oct2mar,-35,0.9935811966278214,0.0012458052713173462,1990
3G_oct2mar,-34,0.9921656939555292,0.0014155026722921793,1990
3G_oct2mar,-33,0.9906024188470006,0.0015632751085286056,1990
3G_oct2mar,-32,0.9888119264618774,0.001790492385123188,1990
3G_oct2mar,-31,0.986857749509495,0.001954176952382425,1990
3G_oct2mar,-30,0.9847165866926444,0.002141162816850617,1990
3G_oct2mar,-29,0.9823297429163362,0.0023868437763081563,1990
3G_oct2mar,-28,0.9797297143536932,0.0026000285626430752,1990
3G_oct2mar,-27,0.9768206529920236,0.0029090613616695737,1990
3G_oct2mar,-26,0.9737370379603862,0.0030836150316373434,1990
3G_oct2mar,-25,0.9704002177682988,0.003336820192087475,1990
3G_oct2mar,-24,0.9667899354400972,0.0036102823282015972,1990
3G_oct2mar,-23,0.9628700013843836,0.003919934055713559,1990
3G_oct2mar,-22,0.958651449817682,0.004218551566701589,1990
3G_oct2mar,-21,0.9540214620503752,0.004629987767306831,1990
3G_oct2mar,-20,0.9489226636266348,0.005098798423740392,1990
3G_oct2mar,-19,0.943422944280378,0.005499719346256815,1990
3G_oct2mar,-18,0.9374289477233452,0.00599399655703281,1990
3G_oct2mar,-17,0.930733774113247,0.006695173610098193,1990
3G_oct2mar,-16,0.9232116027375884,0.007522171375658582,1990
3G_oct2mar,-15,0.9147399524314486,0.008471650306139833,1990
3G_oct2mar,-14,0.905232445567382,0.00950750686406654,1990
3G_oct2mar,-13,0.8947996662395492,0.01043277932783282,1990
3G_oct2mar,-12,0.8834833695133522,0.01131629672619705,1990
3G_oct2mar,-11,0.8713868963736419,0.012096473139710295,1990
3G_oct2mar,-10,0.8587096203734538,0.012677276000188087,1990
3G_oct2mar,-9,0.8451405097319696,0.013569110641484139,1990
3G_oct2mar,-8,0.8306033728859772,0.014537136845992449,1990
3G_oct2mar,-7,0.8147474745703651,0.01585589831561207,1990
3G_oct2mar,-6,0.7976591346353978,0.017088339934967278,1990
3G_oct2mar,-5,0.779019708644024,0.018639425991373804,1990
3G_oct2mar,-4,0.7590181620820166,0.020001546562007477,1990
3G_oct2mar,-3,0.7374867570039029,0.021531405078113686,1990
3G_oct2mar,-2,0.7144198085412551,0.023066948462647785,1990
3G_oct2mar,-1,0.6902698335452843,0.024149974995970824,1990
3G_oct2mar,0,0.6650326068334791,0.025237226711805172,1990
3G_oct2mar,1,0.6387447767052405,0.026287830128238543,1990
3G_oct2mar,2,0.6116604621098143,0.027084314595426262,1990
3G_oct2mar,3,0.5835271570000834,0.02813330510973089,1990
3G_oct2mar,4,0.5547880446308121,0.02873911236927129,1990
3G_oct2mar,5,0.5255830253402156,0.02920501929059649,1990
3G_oct2mar,6,0.49592746259076925,0.029655562749446363,1990
3G_oct2mar,7,0.46615078230229634,0.029776680288472912,1990
3G_oct2mar,8,0.4362131646410654,0.02993761766123093,1990
3G_oct2mar,9,0.40579083910424696,0.03042232553681845,1990
3G_oct2mar,10,0.3757695876973794,0.030021251406867566,1990
3G_oct2mar,11,0.3462028284109592,0.02956675928642022,1990
3G_oct2mar,12,0.3166910445783961,0.029511783832563088,1990
3G_oct2mar,13,0.28772315203968996,0.02896789253870613,1990
3G_oct2mar,14,0.25941592455785933,0.02830722748183062,1990
3G_oct2mar,15,0.23234249918852032,0.027073425369339016,1990
3G_oct2mar,16,0.20597578119616763,0.026366717992352684,1990
3G_oct2mar,17,0.1810636003268081,0.024912180869359535,1990
3G_oct2mar,18,0.15788133434709586,0.023182265979712235,1990
3G_oct2mar,19,0.13649474532032385,0.021386589026772013,1990
3G_oct2mar,20,0.11666436501673472,0.019830380303589135,1990
3G_oct2mar,21,0.0987973375013258,0.017867027515408918,1990
3G_oct2mar,22,0.08250331999182267,0.016294017509503128,1990
3G_oct2mar,23,0.067881110511312,0.01462220948051067,1990
3G_oct2mar,24,0.05448983541624749,0.013391275095064513,1990
3G_oct2mar,25,0.04248389183642953,0.012005943579817956,1990
3G_oct2mar,26,0.03224042465819053,0.010243467178239006,1990
3G_oct2mar,27,0.02359424915046161,0.008646175507728917,1990
3G_oct2mar,28,0.01669718477513556,0.006897064375326049,1990
3G_oct2mar,29,0.01153109170321215,0.00516609307192341,1990
3G_oct2mar,30,0.00764775521641135,0.0038833364868008004,1990
3G_oct2mar,31,0.00477096988488734,0.0028767853315240094,1990
3G_oct2mar,32,0.0026519990120532,0.0021189708728341404,1990
3G_oct2mar,33,0.00131296415764292,0.00133903485441028,1990
3G_oct2mar,34,5.856628247059999e-4,7.273013329369201e-4,1990
3G_oct2mar,35,2.159393749635769e-4,3.69723449742423e-4,1990
3G_oct2mar,36,6.2475289118324e-5,1.534640858452529e-4,1990
3G_oct2mar,37,1.6809793759425943e-5,4.5665495358898056e-5,1990
3G_oct2mar,38,3.9740857222800124e-6,1.283570803714593e-5,1990
3G_oct2mar,39,1.3986179863852146e-6,2.5754677358947977e-6,1990
3G_oct2mar,40,1.77570239944798e-7,1.2210477464404165e-6,1990
3G_oct2mar,-40,0.9997133185127308,NA,2020
3G_oct2mar,-39,0.9995953420314658,1.1797648126499194e-4,2020
3G_oct2mar,-38,0.9994299712891608,1.6537074230504878e-4,2020
3G_oct2mar,-37,0.9992045214364308,2.254498527299864e-4,2020
3G_oct2mar,-36,0.9988867066709424,3.1781476548842225e-4,2020
3G_oct2mar,-35,0.9985007619286445,3.8594474229791675e-4,2020
3G_oct2mar,-34,0.9980058213685106,4.94940560133883e-4,2020
3G_oct2mar,-33,0.997392421128615,6.13400239895534e-4,2020
3G_oct2mar,-32,0.9966223437727078,7.700773559072838e-4,2020
3G_oct2mar,-31,0.9956853827838442,9.369609888635333e-4,2020
3G_oct2mar,-30,0.9945906970702992,0.001094685713544985,2020
3G_oct2mar,-29,0.9932935216331424,0.0012971754371567945,2020
3G_oct2mar,-28,0.9917689481548612,0.001524573478281277,2020
3G_oct2mar,-27,0.9900054447308424,0.0017635034240187641,2020
3G_oct2mar,-26,0.9879717093119968,0.0020337354188455503,2020
3G_oct2mar,-25,0.985697693984352,0.0022740153276448183,2020
3G_oct2mar,-24,0.9832098710080824,0.0024878229762695936,2020
3G_oct2mar,-23,0.9804514004688092,0.00275847053927325,2020
3G_oct2mar,-22,0.9774143335499796,0.003037066918829545,2020
3G_oct2mar,-21,0.9740739344412702,0.0033403991087094242,2020
3G_oct2mar,-20,0.9703477975445172,0.0037261368967530517,2020
3G_oct2mar,-19,0.9662106940903634,0.0041371034541537455,2020
3G_oct2mar,-18,0.961578440193752,0.004632253896611371,2020
3G_oct2mar,-17,0.9562932645821486,0.005285175611603465,2020
3G_oct2mar,-16,0.9501919336704968,0.00610133091165177,2020
3G_oct2mar,-15,0.9432065712972918,0.006985362373205017,2020
3G_oct2mar,-14,0.9351801934144958,0.008026377882796032,2020
3G_oct2mar,-13,0.9259412026153424,0.009238990799153357,2020
3G_oct2mar,-12,0.9155436679044482,0.010397534710894218,2020
3G_oct2mar,-11,0.9041729005109596,0.011370767393488634,2020
3G_oct2mar,-10,0.8920610012392416,0.012111899271717963,2020
3G_oct2mar,-9,0.8789622045306725,0.01309879670856906,2020
3G_oct2mar,-8,0.8648277054496345,0.014134499081038032,2020
3G_oct2mar,-7,0.8494379689087685,0.01538973654086595,2020
3G_oct2mar,-6,0.8325350367619874,0.01690293214678118,2020
3G_oct2mar,-5,0.8143631841153833,0.018171852646604036,2020
3G_oct2mar,-4,0.7947571520599819,0.019606032055401457,2020
3G_oct2mar,-3,0.7740634401773996,0.02069371188258229,2020
3G_oct2mar,-2,0.7522380307583041,0.0218254094190955,2020
3G_oct2mar,-1,0.7292417001052748,0.022996330653029307,2020
3G_oct2mar,0,0.705052269436427,0.024189430668847822,2020
3G_oct2mar,1,0.6794723200558146,0.025579949380612366,2020
3G_oct2mar,2,0.6525567311881819,0.026915588867632678,2020
3G_oct2mar,3,0.6242394675817613,0.028317263606420617,2020
3G_oct2mar,4,0.594888722344194,0.02935074523756731,2020
3G_oct2mar,5,0.5645943977459519,0.030294324598242106,2020
3G_oct2mar,6,0.5338810672855737,0.030713330460378163,2020
3G_oct2mar,7,0.5029391215338259,0.0309419457517478,2020
3G_oct2mar,8,0.4719527104234728,0.030986411110353107,2020
3G_oct2mar,9,0.44131004951197855,0.030642660911494257,2020
3G_oct2mar,10,0.41048875274681823,0.030821296765160322,2020
3G_oct2mar,11,0.37975781865154673,0.0307309340952715,2020
3G_oct2mar,12,0.34852128852202846,0.03123653012951827,2020
3G_oct2mar,13,0.3170662276770373,0.03145506084499117,2020
3G_oct2mar,14,0.28559883405820646,0.03146739361883083,2020
3G_oct2mar,15,0.2550458534597889,0.030552980598417545,2020
3G_oct2mar,16,0.225840035844449,0.029205817615339913,2020
3G_oct2mar,17,0.19803074358498432,0.027809292259464685,2020
3G_oct2mar,18,0.1720574428756599,0.02597330070932441,2020
3G_oct2mar,19,0.1477954280468113,0.0242620148288486,2020
3G_oct2mar,20,0.12540022969342943,0.022395198353381884,2020
3G_oct2mar,21,0.10518756562408944,0.020212664069339983,2020
3G_oct2mar,22,0.08694749198070259,0.018240073643386853,2020
3G_oct2mar,23,0.07059628157621148,0.016351210404491112,2020
3G_oct2mar,24,0.05609897349543502,0.014497308080776455,2020
3G_oct2mar,25,0.04364888999544448,0.012450083499990543,2020
3G_oct2mar,26,0.0330304774422506,0.01061841255319388,2020
3G_oct2mar,27,0.0242534569435537,0.0087770204986969,2020
3G_oct2mar,28,0.01727272061321135,0.0069807363303423485,2020
3G_oct2mar,29,0.01188268773063563,0.005390032882575722,2020
3G_oct2mar,30,0.00784140658156399,0.0040412811490716394,2020
3G_oct2mar,31,0.00497233409757157,0.00286907248399242,2020
3G_oct2mar,32,0.00302599381642127,0.0019463402811503,2020
3G_oct2mar,33,0.00177402165819691,0.00125197215822436,2020
3G_oct2mar,34,9.777851021463054e-4,7.962365560506045e-4,2020
3G_oct2mar,35,5.270511595805363e-4,4.5073394256576907e-4,2020
3G_oct2mar,36,2.44507552368824e-4,2.8254360721171234e-4,2020
3G_oct2mar,37,9.682620763193484e-5,1.4768134473688917e-4,2020
3G_oct2mar,38,1.882670362040773e-5,7.79995040115271e-5,2020
3G_oct2mar,39,3.622257876495541e-6,1.5204445743912188e-5,2020
3G_oct2mar,40,7.712147170675047e-7,2.8510431594280365e-6,2020
