utci_thres,year_1990_time_2G_apr2sep,year_2020_time_2G_apr2sep,cdf_percpoint_chg_time_2G_apr2sep,cdf_percent_chg_time_2G_apr2sep,year_1990_time_3G_oct2mar,year_2020_time_3G_oct2mar,cdf_percpoint_chg_time_3G_oct2mar,cdf_percent_chg_time_3G_oct2mar
-40,0.9999999834346652,0.9999998941573748,-8.927729044927446e-8,-8.927729192818268e-8,0.9990085681703054,0.9995063286083878,4.977604380824729e-4,4.982544233770952e-4
-39,0.999999981603691,0.9999998473855396,-1.3421815137082405e-7,-1.342181538399427e-7,0.9985953758911056,0.999329095188234,7.33719297128399e-4,7.347513465838534e-4
-38,0.9999999606494494,0.9999997636571614,-1.9699228803737867e-7,-1.9699229578913396e-7,0.9980653465193442,0.9990947264794576,0.0010293799601134301,0.0010313753139544345
-37,0.999999921286775,0.9999995844787488,-3.3680802613567096e-7,-3.36808052646919e-7,0.997372027839559,0.9987872376465828,0.0014152098070238095,0.001418938738526027
-36,0.9999997752123172,0.9999992697006532,-5.055116639729462e-7,-5.055117776057674e-7,0.9964845528189692,0.9983935982006228,0.0019090453816535957,0.0019157802057774708
-35,0.9999993430635792,0.9999988517478062,-4.913157729546924e-7,-4.913160957181298e-7,0.9954048423308328,0.9979136653278856,0.0025088229970527953,0.002520404653827234
-34,0.9999984700207816,0.9999982206052616,-2.494155200150061e-7,-2.4941590161615233e-7,0.9941118849978172,0.9973200512266792,0.003208166228861997,0.0032271681661557054
-33,0.9999972387988146,0.9999968992110176,-3.395877969936123e-7,-3.39588734666429e-7,0.9926080487664116,0.996587591418287,0.00397954265187539,0.0040091783023732935
-32,0.9999951036286292,0.9999952390734826,1.3544485344407775e-7,1.354455166356277e-7,0.9908822864121614,0.9956937533820848,0.004811466969923406,0.00485574021849257
-31,0.999990900780916,0.9999928386243084,1.93784339241887e-6,1.9378610254408947e-6,0.988930103540922,0.9946477898466431,0.005717686305721115,0.005781689004357947
-30,0.9999847283787798,0.9999890112558398,4.282877060002299e-6,4.28294246747737e-6,0.986785819670564,0.9934239538292,0.006638134158636011,0.006727026297208178
-29,0.9999761422713982,0.999983380474458,7.23820305981171e-6,7.238375751015895e-6,0.9844088505181396,0.99199855103852,0.007589700520380327,0.00770990683026216
-28,0.9999641274796978,0.999975192962256,1.1065482558247908e-5,1.1065879519235624e-5,0.981795738882234,0.9903719080157372,0.00857616913350312,0.008735186754086969
-27,0.9999484526520338,0.9999643069598728,1.585430783901387e-5,1.5855125128665926e-5,0.9789352469202376,0.9885237395359564,0.009588492615718813,0.009794818039175243
-26,0.9999270715951836,0.9999504852594362,2.3413664252625033e-5,2.3415371898345763e-5,0.9758393689293364,0.9864407545792364,0.010601385649899986,0.010863863446636231
-25,0.9998991577545724,0.999930801050122,3.164329554961043e-5,3.164648685240452e-5,0.9724906072283362,0.9841389162739846,0.011648309045648397,0.011977811362977441
-24,0.9998621976498264,0.9999049645658402,4.276691601379223e-5,4.2772810207562366e-5,0.9688511372049634,0.981613777913437,0.01276264070847355,0.013172963542461709
-23,0.9998121532735402,0.999871127224028,5.8973950487817284e-5,5.898503063273177e-5,0.9649058804672156,0.9788024454051404,0.013896564937924794,0.014401990100004322
-22,0.9997464205791576,0.9998309230747832,8.450249562552692e-5,8.452392915452924e-5,0.9606617785445962,0.9756808776847676,0.01501909914017141,0.01563411751732786
-21,0.9996631565010348,0.9997774618531768,1.1430535214207449e-4,1.1434386813070086e-4,0.9560142235656468,0.9722380848221016,0.016223861256454808,0.016970313680004324
-20,0.9995527145401396,0.9997104600962072,1.577455560676233e-4,1.5781614493458375e-4,0.950933061818655,0.9684232159684136,0.01749015414975863,0.018392623889118748
-19,0.99940965215014,0.9996236997607232,2.140476105831901e-4,2.14174047771788e-4,0.9453840589877892,0.9641712769161742,0.018787217928385003,0.01987257744593265
-18,0.9992180636619076,0.9995145142757308,2.9645061382321813e-4,2.966826007296084e-4,0.9392237607641436,0.959355190114226,0.020131429350082386,0.02143411420267269
-17,0.998982737438726,0.9993746889594612,3.919515207352342e-4,3.923506443566299e-4,0.9322423797505064,0.9537970879395375,0.021554708189031158,0.02312135626659645
-16,0.998681813437127,0.9991973087968344,5.154953597074075e-4,5.161757756789881e-4,0.9243241441991984,0.9474214331433272,0.02309728894412877,0.02498829992603887
-15,0.9982994693180468,0.9989764343807422,6.769650626954338e-4,6.781182235405561e-4,0.9153981010921748,0.940079273027561,0.024681171935386215,0.026962227588126685
-14,0.9978283630999414,0.998698827037168,8.704639372265621e-4,8.723583828809017e-4,0.9053437435723956,0.93157572868483,0.02623198511243441,0.02897461356382232
-13,0.9972510598352348,0.9983606823413004,0.0011096225060656106,0.0011126812001071645,0.8940968226951558,0.9217984738456538,0.027701651150498052,0.030982831442118868
-12,0.9965543941381144,0.9979556085796611,0.0014012144415467276,0.0014060591672555814,0.8817701780890077,0.9108880021693612,0.02911782408035346,0.03302201050103358
-11,0.9957373299785154,0.9974622528567552,0.0017249228782397763,0.0017323071319190115,0.868487197073384,0.8989422685562461,0.030455071482862195,0.035066805343232775
-10,0.9947956514867652,0.9968715189228176,0.00207586743605237,0.0020867274931790224,0.8543335462845421,0.8862373634850336,0.03190381720049151,0.03734351453157818
-9,0.99369297414797,0.9961605923912225,0.0024676182432524785,0.00248328035665977,0.8390960096439226,0.8726847068184126,0.03358869717448998,0.04002962329512641
-8,0.9924103101987128,0.9953124290560432,0.0029021188573303824,0.002924313489598152,0.8229403362363864,0.858228406240321,0.035288070003934635,0.04288047194930335
-7,0.9909063016587925,0.9942914730778044,0.0033851714190119564,0.0034162376536965473,0.8057041285941398,0.8429249087928369,0.03722078019869712,0.046196586163264504
-6,0.989156065096082,0.9930637714007516,0.003907706304669634,0.003950545765788796,0.7872656596462376,0.8265657486920248,0.03930008904578719,0.04991972984500164
-5,0.9871366298615196,0.991621823182452,0.004485193320932335,0.004543639841995874,0.7675459542504561,0.8091288746768692,0.041582920426413095,0.05417645705268648
-4,0.9848127580021055,0.9898990797219416,0.005086321719836029,0.005164760182590115,0.7465485828951092,0.7905430664956015,0.043994483600492296,0.058930503129323554
-3,0.982133806288314,0.98792247904019,0.005788672751876001,0.00589397566279954,0.7242294843128187,0.7707334573811003,0.04650397306828158,0.06421165400688791
-2,0.979008862154745,0.9856390666442192,0.006630204489474156,0.006772364118217927,0.7007065317665668,0.7495445342322108,0.04883800246564396,0.06969822636377798
-1,0.9754113458356948,0.9829666252923136,0.007555279456618824,0.007745736697521959,0.676082678802526,0.7270274303120122,0.050944751509486186,0.07535284234721004
0,0.9712331291049452,0.9798007132562402,0.008567584151294994,0.008821346692725137,0.6504105764589886,0.703211179246783,0.052800602787794415,0.0811804184908173
1,0.9663680163344092,0.9760366355829038,0.009668619248494603,0.010005110977460995,0.6237632785337169,0.6779834315353588,0.054220153001641846,0.08692424653323196
2,0.9607243045973172,0.971573054076439,0.010848749479121844,0.011292260877764557,0.5961691840222585,0.651538516625462,0.055369332603203536,0.09287520067648494
3,0.9542101519867102,0.966418705799767,0.012208553813056744,0.012794407801717434,0.5675517432078757,0.6238214017443053,0.05626965853642962,0.0991445435765667
4,0.946702353835413,0.9605261581705896,0.013823804335176604,0.014602059748950316,0.5380051250004427,0.5950691299158375,0.05706400491539476,0.10606591324822008
5,0.9381458401967792,0.9537527665991878,0.015606926402408683,0.016635927735004483,0.5079033474497758,0.5653082267031225,0.0574048792533467,0.11302323471893083
6,0.928537769291962,0.9460447651709232,0.017506995878961207,0.01885437131147699,0.4771338226221855,0.5349077423779227,0.0577739197557372,0.1210853580620819
7,0.9177589154291824,0.9372428999122314,0.019483984483049,0.021229959366766242,0.4460858070736694,0.504141789707764,0.058055982634094616,0.1301453256604214
8,0.905665633344459,0.9274515941718796,0.02178596082742057,0.024055192143008636,0.4150332085202154,0.4730849424669197,0.058051733946704265,0.13987250358515993
9,0.8923623099484017,0.9167363903059768,0.024374080357575045,0.027314107830242636,0.3838570770063981,0.4419300239085221,0.058072946902124,0.15128794121765285
10,0.8775866942185793,0.9049085597519896,0.027321865533410317,0.03113295326080377,0.3530838579837437,0.4109112861835144,0.057827428199770714,0.16377817023408967
11,0.8611277700648037,0.8917810207854362,0.03065325072063252,0.0355966347692233,0.3230881908735633,0.38017763094262863,0.057089440069065356,0.17669924708392276
12,0.8429417436255248,0.8771298584065329,0.03418811478100814,0.04055809910891795,0.29391323081749293,0.34952787026714677,0.055614639449653835,0.18922128580250291
13,0.8227245636177865,0.8606419268062964,0.03791736318850991,0.046087554529519556,0.26584392007085356,0.3192774601193388,0.05343354004848522,0.20099590780275864
14,0.8003694678621306,0.8420279787481318,0.041658510886001254,0.05204910052013283,0.23894966873764684,0.2896293708446638,0.050679702107016944,0.21209362781189028
15,0.7755143329629642,0.8209107502321976,0.04539641726923338,0.05853717376929686,0.21329062257378403,0.2607284813579104,0.04743785878412635,0.22240949091756754
16,0.7482886244706874,0.7971735313071984,0.04888490683651092,0.06532894559380795,0.1886545637096307,0.23300470168920048,0.04435013797956977,0.23508648350448424
17,0.7184566649843463,0.7706330538140228,0.05217638882967646,0.07262287535576453,0.16553762453858964,0.2067311667352478,0.04119354219665816,0.24884700569721685
18,0.6860272889887734,0.741382609787689,0.055355320798915586,0.08068967763733005,0.1439735229566492,0.1818992234371383,0.0379257004804891,0.2634213548550078
19,0.6513354182278277,0.7095650610809785,0.0582296428531508,0.08940039375040236,0.1240039175398332,0.15841662224759645,0.03441270470776325,0.27751304467223
20,0.6147882165330641,0.6756260041283082,0.06083778759524405,0.09895730913374153,0.10556845770975312,0.13648141980999445,0.03091296210024133,0.292823848816969
21,0.5764509458405986,0.6397000567166232,0.06324911087602458,0.10972158400016635,0.08884977073077355,0.11618619729754764,0.027336426566774097,0.3076701981551202
22,0.5359906889590108,0.6020838508712063,0.0660931619121955,0.1233102799613183,0.07377721282892907,0.09754257904412723,0.02376536621519816,0.32212339425594877
23,0.4933166600558589,0.5624985986974133,0.06918193864155436,0.14023839907154323,0.06034216199313425,0.08047209981025108,0.020129937817116833,0.3335965625395925
24,0.4486380213172697,0.5210585719095853,0.07242055059231556,0.16142312321117538,0.04830961219295445,0.06514966802724388,0.01684005583428943,0.3485860281185492
25,0.4018479326885744,0.4770436696080715,0.0751957369194971,0.18712485694874179,0.03781656999736757,0.05184663730281079,0.01403006730544322,0.3710031688865452
26,0.35400658228569704,0.42958499115878784,0.07557840887309081,0.213494360429988,0.0287864911805566,0.04042516530833838,0.011638674127781783,0.4043102736898671
27,0.30686055612512253,0.3793606744730044,0.07250011834788189,0.23626405186569477,0.02119699050498585,0.03090275934105192,0.00970576883606607,0.4578842847423613
28,0.26308125701014495,0.3283954290401873,0.06531417203004236,0.24826615461824295,0.01508620170534507,0.02326800170013668,0.008181799994791612,0.5423366434171952
29,0.223863905172288,0.28057227161715953,0.05670836644487154,0.25331625659450635,0.01046817125312682,0.01722093138078227,0.006752760127655449,0.6450754352760912
30,0.18939180778015735,0.2387028471286166,0.04931103934845926,0.2603652181497662,0.0070175462617342,0.01260805963547956,0.005590513373745359,0.7966478830684349
31,0.15853567624066522,0.20247427707091736,0.04393860083025214,0.2771527637952678,0.00454664317406649,0.00915425284172806,0.0046076096676615705,1.0134091221283488
32,0.1302218925707315,0.17025235541036482,0.040030462839633324,0.30740194332447074,0.00279060656922021,0.00662009244551408,0.0038294858762938696,1.3722772384084072
33,0.10394446445548512,0.14026247902728434,0.036318014571799215,0.3493982557132962,0.00161840657952542,0.00478607636680208,0.0031676697872766602,1.9572768841594457
34,0.08004881073026511,0.11235600112110553,0.032307190390840415,0.40359363363565387,8.734153546501413e-4,0.00341503019294936,0.0025416148382992184,2.909972700579895
35,0.05906906431372963,0.08643063165740393,0.0273615673436743,0.46321314992143114,4.257183893845714e-4,0.00234383671318251,0.0019181183237979389,4.505603637584969
36,0.04140854290042468,0.06311123960125875,0.021702696700834072,0.5241115765174991,1.7982670692261732e-4,0.0015063360508781,0.0013265093439554826,7.376598096334509
37,0.02733104191404431,0.04331983066999381,0.015988788755949498,0.5850047285512928,6.604445230656916e-5,8.587271366563456e-4,7.926826843497765e-4,12.002259942595234
38,0.01691522647597455,0.02748873388574892,0.01057350740977437,0.6250881372940761,2.242741748948869e-5,4.1662061027875633e-4,3.9419319278926766e-4,17.576396969201586
39,0.00960499626221412,0.0160032525184734,0.006398256256259279,0.666138339004868,3.796471352118392e-6,1.7422710101994677e-4,1.7043062966782838e-4,44.89185189629571
40,0.00492418931529132,0.00825381644900622,0.0033296271337149,0.6761777260218754,5.91259083071976e-7,6.308214162879576e-5,6.249088254572378e-5,105.69120092167202
