share_time,share_gr-40,share_gr-39,share_gr-38,share_gr-37,share_gr-36,share_gr-35,share_gr-34,share_gr-33,share_gr-32,share_gr-31,share_gr-30,share_gr-29,share_gr-28,share_gr-27,share_gr-26,share_gr-25,share_gr-24,share_gr-23,share_gr-22,share_gr-21,share_gr-20,share_gr-19,share_gr-18,share_gr-17,share_gr-16,share_gr-15,share_gr-14,share_gr-13,share_gr-12,share_gr-11,share_gr-10,share_gr-9,share_gr-8,share_gr-7,share_gr-6,share_gr-5,share_gr-4,share_gr-3,share_gr-2,share_gr-1,share_gr0,share_gr1,share_gr2,share_gr3,share_gr4,share_gr5,share_gr6,share_gr7,share_gr8,share_gr9,share_gr10,share_gr11,share_gr12,share_gr13,share_gr14,share_gr15,share_gr16,share_gr17,share_gr18,share_gr19,share_gr20,share_gr21,share_gr22,share_gr23,share_gr24,share_gr25,share_gr26,share_gr27,share_gr28,share_gr29,share_gr30,share_gr31,share_gr32,share_gr33,share_gr34,share_gr35,share_gr36,share_gr37,share_gr38,share_gr39,share_gr40
0,0,0,0,0,0,0,0,0,0,0,0,0,0,0,0,0,0,0,0,0,0,0,0,0,0,0,0,0,0,0,0,0,0,0,0,0,0,0,0,0,0,0,0,0,0,0,0,0,0,0,0,0,0,0,0,0,0,0,0,0,0,0,4.530410984379521e-5,2.1713703930281074e-4,9.319451566210049e-4,0.002076583204675094,0.004131533537153268,0.006124652386006126,0.007614138417142012,0.011028349426931454,0.013557398642613478,0.018134835804199688,0.02730472629918211,0.048676150970239945,0.0780606777687807,0.12138923448981061,0.16270688938064842,0.20607911760220404,0.2624242671355751,0.31544867334134874,0.3726769399135171
0.01,0,0,0,0,0,0,0,0,0,0,0,0,0,0,0,0,0,0,0,0,0,0,0,0,0,0,0,0,0,0,0,0,0,0,0,0,0,0,0,0,0,0,0,0,0,0,0,0,0,0,0,0,0,0,0,0,0,0,3.2920560495801535e-5,1.0107800586235191e-4,3.754649989233407e-4,0.0013356629230583568,0.002248965662123752,0.003989502916341849,0.006209282891341267,0.0072928849933829535,0.010142379315490436,0.013670163703046254,0.019994448105940935,0.031104683593189485,0.05575739739914669,0.08682076735027763,0.14800217214356626,0.1936498104642821,0.24860237300371418,0.28669923156753574,0.34272568362128564,0.418817575129406,0.5387329851357854,0.7559167439025062,0.9188528663280897
0.02,0,0,0,0,0,0,0,0,0,0,0,0,0,0,0,0,0,0,0,0,0,0,0,0,0,0,0,0,0,0,0,0,0,0,0,0,0,0,0,0,0,0,0,0,0,0,0,0,0,0,0,0,0,0,0,0,0,5.7045478227148345e-5,1.238706377118325e-4,4.3527728667973635e-4,0.001344640676842635,0.002216406128737425,0.0037865417822137153,0.005835862647728224,0.007208139470561609,0.00959780985747526,0.014457205996630907,0.021953793347941973,0.0328559494229263,0.05915221837772019,0.09747143449674614,0.15538251835041705,0.20120668614794524,0.2508813486449467,0.29304149064758,0.34826175319122243,0.42865404627075504,0.5821078683443142,0.7816984086493712,0.9538779624726442,0.9992864315155888
0.03,0,0,0,0,0,0,0,0,0,0,0,0,0,0,0,0,0,0,0,0,0,0,0,0,0,0,0,0,0,0,0,0,0,0,0,0,0,0,0,0,0,0,0,0,0,0,0,0,0,0,0,0,0,0,0,0,3.2920560495801535e-5,8.722798356525368e-5,3.8435329466279334e-4,0.0011585264095132553,0.001900763002360997,0.0031337664291216935,0.005093421579349452,0.007056501694721961,0.008348365320047695,0.013226186621507234,0.020707630003801405,0.03140305492705424,0.05562748834340913,0.09334677964425393,0.15225663700896067,0.19849460896748033,0.24576157847646599,0.2890388022544169,0.34055407680342475,0.4199011740365174,0.5661533423477648,0.7619006947586526,0.9425623952130797,0.9997964446088599,1.0000000000000002
0.04,0,0,0,0,0,0,0,0,0,0,0,0,0,0,0,0,0,0,0,0,0,0,0,0,0,0,0,0,0,0,0,0,0,0,0,0,0,0,0,0,0,0,0,0,0,0,0,0,0,0,0,0,0,0,0,3.2920560495801535e-5,8.722798356525368e-5,3.843532946627933e-4,0.0010507997539622618,0.0017035751070542835,0.00254472354310753,0.004180467087672842,0.00611657879746062,0.007400646793165843,0.011583436595073979,0.01856631431890451,0.028220715974522446,0.050020213364721386,0.08555045352896434,0.14021638610291523,0.19129849840901758,0.23582534564048552,0.27336410102208186,0.32520141494767113,0.39914582775059204,0.5289122011015824,0.7280177733709894,0.9178476646175472,0.999061137819556,1,1.0000000000000002
0.05,0,0,0,0,0,0,0,0,0,0,0,0,0,0,0,0,0,0,0,0,0,0,0,0,0,0,0,0,0,0,0,0,0,0,0,0,0,0,0,0,0,0,0,0,0,0,0,0,0,0,0,0,0,0,3.2920560495801535e-5,7.449299189830248e-5,1.7381378616586685e-4,5.245819748570115e-4,0.0014469838750532339,0.0020510013987851596,0.003279487194282166,0.0050231203358372615,0.007056501694721961,0.008977859216973869,0.01633368433475194,0.024952816791975363,0.042281309729419285,0.07794680087264795,0.13093581683690256,0.17760602450857788,0.22597799895682974,0.2628770015207165,0.31103188365868817,0.37173780616400814,0.47857029021780806,0.6818043736204251,0.8606619193710426,0.9949496524692341,1,1,1.0000000000000002
0.06,0,0,0,0,0,0,0,0,0,0,0,0,0,0,0,0,0,0,0,0,0,0,0,0,0,0,0,0,0,0,0,0,0,0,0,0,0,0,0,0,0,0,0,0,0,0,0,0,0,0,0,0,0,0,7.449299189830248e-5,1.3797944935289033e-4,4.8414054873551935e-4,0.001164587192050186,0.0017391378748026112,0.002507732641572166,0.0042211896676495,0.006222011493147873,0.0081723023030405,0.014102335517598475,0.02143036793780735,0.03518140810323624,0.06488903819010584,0.11318131191027868,0.16202134362877868,0.21011910041526888,0.25006703442741096,0.2921787157291902,0.34893567578712514,0.4334064090542071,0.625709492552244,0.801496419668596,0.9711177002499005,0.9996121865959606,1,1,1.0000000000000002
0.07,0,0,0,0,0,0,0,0,0,0,0,0,0,0,0,0,0,0,0,0,0,0,0,0,0,0,0,0,0,0,0,0,0,0,0,0,0,0,0,0,0,0,0,0,0,0,0,0,0,0,0,0,0,5.7045478227148345e-5,8.722798356525368e-5,4.1691602297929265e-4,6.674752268149623e-4,0.0015534006092335676,0.0021032321172425902,0.003134942163425115,0.0049474643893562265,0.00774866095204843,0.01215735787658245,0.018578835250249916,0.030877230124360187,0.05145149735290774,0.09490808770566404,0.14618341021900855,0.19549787309345035,0.23601780503913716,0.2747031441812625,0.3279837358629052,0.39591497378339324,0.5442630610167188,0.7435044305981708,0.9105696903632786,0.9980121751504428,1,1,1,1.0000000000000002
0.08,0,0,0,0,0,0,0,0,0,0,0,0,0,0,0,0,0,0,0,0,0,0,0,0,0,0,0,0,0,0,0,0,0,0,0,0,0,0,0,0,0,0,0,0,0,0,0,0,0,0,0,0,3.2920560495801535e-5,8.722798356525368e-5,1.874273836302118e-4,5.245819748570115e-4,0.001270713187584837,0.0017498696452515044,0.002542979111233432,0.004086146359124992,0.006167736019380144,0.009990092968825802,0.01642002412772928,0.026053540524810626,0.040025030872131044,0.07995554293004356,0.13025375994878102,0.17958131564706906,0.22455718475481815,0.2598234757628732,0.30950384760009264,0.365452276264104,0.4785471525335,0.6733643329740123,0.8489806827684631,0.9814260114588217,0.999134883197794,1,1,1,1.0000000000000002
0.09,0,0,0,0,0,0,0,0,0,0,0,0,0,0,0,0,0,0,0,0,0,0,0,0,0,0,0,0,0,0,0,0,0,0,0,0,0,0,0,0,0,0,0,0,0,0,0,0,0,0,0,0,5.7045478227148345e-5,1.061164107441336e-4,4.4079173615719683e-4,0.0010203904085819202,0.0015421288955855487,0.0020260585789296935,0.0031737925143207816,0.0052757242949832295,0.007711500719213931,0.01390853105334427,0.02061462558648456,0.03583701416446096,0.06600434677917784,0.11939284403246128,0.15867722299711007,0.21025838659106216,0.24322194126219282,0.2820077290089366,0.3373768976631213,0.42039722847986555,0.6060683366298303,0.7945053757032449,0.942096235731354,0.9959089653977113,0.9996121865959606,1,1,1,1.0000000000000002
0.1,0,0,0,0,0,0,0,0,0,0,0,0,0,0,0,0,0,0,0,0,0,0,0,0,0,0,0,0,0,0,0,0,0,0,0,0,0,0,0,0,0,0,0,0,0,0,0,0,0,0,0,5.7045478227148345e-5,8.722798356525368e-5,3.587746837030314e-4,5.566878281588662e-4,0.0013817721553055818,0.0018122027329138771,0.0023534494635498197,0.004091938767527446,0.006752478529382337,0.01118661987780888,0.01671208547450366,0.030540139431736835,0.05289219680031198,0.1019866631729467,0.1428899675697336,0.1911191765632346,0.23280076595000357,0.2663092127670969,0.31823871320787894,0.3851367554396544,0.522396287981881,0.7160172993455894,0.883958998745434,0.9779590713214679,0.9988397547180541,1,1,1,1,1.0000000000000002
0.11,0,0,0,0,0,0,0,0,0,0,0,0,0,0,0,0,0,0,0,0,0,0,0,0,0,0,0,0,0,0,0,0,0,0,0,0,0,0,0,0,0,0,0,0,0,0,0,0,0,0,5.7045478227148345e-5,8.722798356525368e-5,1.665293453729294e-4,4.901853566215886e-4,0.0011693412481466295,0.0016151554145347467,0.0021067209809907867,0.0029770806636097466,0.0054329052746718886,0.00952326894162437,0.015004503925013261,0.02444812325744117,0.04374715327727985,0.0816882302408282,0.12757744362173512,0.17127641096215573,0.21434629974657246,0.2481520188415512,0.2922636305833105,0.3476446843777365,0.45378384302469704,0.6458707128182509,0.8254595908650378,0.9462559485526274,0.9899724912039259,0.999134883197794,1,1,1,1,1.0000000000000002
0.12,0,0,0,0,0,0,0,0,0,0,0,0,0,0,0,0,0,0,0,0,0,0,0,0,0,0,0,0,0,0,0,0,0,0,0,0,0,0,0,0,0,0,0,0,0,0,0,0,0,3.2920560495801535e-5,5.7045478227148345e-5,1.3069500855995288e-4,3.947176481418675e-4,8.777815054093078e-4,0.001412136771663511,0.0019172392572597596,0.0022692342991370833,0.00406533138905219,0.00801165482411485,0.01297647087923706,0.018750220889484803,0.035361544656213176,0.06198284344222983,0.1150958067225204,0.15121024306370606,0.20128964250987,0.23431089761991314,0.2708469369466409,0.3204785892936624,0.3974534796281634,0.5628943506305383,0.7570067710091245,0.8879402076230485,0.9629881780618677,0.9951498116496011,0.9996121865959606,1,1,1,1,1.0000000000000002
0.13,0,0,0,0,0,0,0,0,0,0,0,0,0,0,0,0,0,0,0,0,0,0,0,0,0,0,0,0,0,0,0,0,0,0,0,0,0,0,0,0,0,0,0,0,0,0,0,0,0,5.7045478227148345e-5,8.722798356525368e-5,3.5628583309877776e-4,5.124124858305648e-4,0.0011693412481466295,0.0016244494664060865,0.0021299353436230162,0.0035032728832736183,0.0064022502838903175,0.010417465998259167,0.015476423865839577,0.026818144823794923,0.052616701166481185,0.09821814399183516,0.13095763820997963,0.1772935858971643,0.21930326905319134,0.25482940053723263,0.2953103159956549,0.34883642847625157,0.4743488832949068,0.668269690931337,0.8330449365714667,0.9403272188695797,0.9825935060373286,0.9980442810037446,1,1,1,1,1,1.0000000000000002
0.14,0,0,0,0,0,0,0,0,0,0,0,0,0,0,0,0,0,0,0,0,0,0,0,0,0,0,0,0,0,0,0,0,0,0,0,0,0,0,0,0,0,0,0,0,0,0,0,0,5.7045478227148345e-5,6.978046989409953e-5,2.2959087711459588e-4,4.3515907426335974e-4,0.0010241284768835591,0.001531646329690098,0.0019050665733031404,0.0022692342991370833,0.004665550140809202,0.008955478731116618,0.012673556354667239,0.019751901786977496,0.036958290883094894,0.07165402806604307,0.11873755426932363,0.1550071555892592,0.2034212519969033,0.23603709283258759,0.2714042158368817,0.3198406767557321,0.40645469378469706,0.574679943237337,0.7521841612959732,0.8858918516264461,0.95306330639758,0.9916105574627265,0.9991348831977939,1,1,1,1,1,1.0000000000000002
0.15,0,0,0,0,0,0,0,0,0,0,0,0,0,0,0,0,0,0,0,0,0,0,0,0,0,0,0,0,0,0,0,0,0,0,0,0,0,0,0,0,0,0,0,0,0,0,0,3.2920560495801535e-5,5.7045478227148345e-5,1.770502504304483e-4,3.6355749417102585e-4,8.837432451108961e-4,0.0011693412481466295,0.0016244494664060865,0.0021556737010913953,0.003432418916841612,0.006816524099617085,0.010544237632567484,0.016302821309287126,0.02867106694175529,0.056890805267645,0.09795091683729039,0.1352771230993114,0.18155457161504038,0.21694380673105723,0.2536150459178879,0.293683939986355,0.3483682210442855,0.4695638555453728,0.6637795871860118,0.8256212607216187,0.9286310587481652,0.9694592056075779,0.9955040687020404,0.9996121865959606,1,1,1,1,1,1.0000000000000002
0.16,0,0,0,0,0,0,0,0,0,0,0,0,0,0,0,0,0,0,0,0,0,0,0,0,0,0,0,0,0,0,0,0,0,0,0,0,0,0,0,0,0,0,0,0,0,0,3.2920560495801535e-5,5.7045478227148345e-5,8.866889707297946e-5,3.1656965612640695e-4,7.280319333015134e-4,0.0010585538494905333,0.0015242308967600945,0.0020053841857844753,0.002449099283049364,0.005274548560679808,0.009509613810067786,0.013258372348063395,0.021267091031349866,0.041503609411658565,0.07629068006344344,0.11905087148653458,0.15271044169570983,0.20169459351935387,0.23442684163586738,0.2690355137766891,0.3152492841391531,0.38830086092569277,0.5538114580841487,0.7362723067868056,0.8692964929257889,0.9474564691243259,0.9858676928424549,0.9978151661712257,1,1,1,1,1,1,1.0000000000000002
0.17,0,0,0,0,0,0,0,0,0,0,0,0,0,0,0,0,0,0,0,0,0,0,0,0,0,0,0,0,0,0,0,0,0,0,0,0,0,0,0,0,0,0,0,0,0,3.2920560495801535e-5,5.7045478227148345e-5,7.593390540602827e-5,2.734636582411823e-4,3.8743320734893003e-4,9.429644707854087e-4,0.0013245573457792996,0.0016904631136269962,0.002179769864451191,0.0036770036012550044,0.007100023033529589,0.010852989294562174,0.016987245640666355,0.03057737634289547,0.06065750972841865,0.09857402726373223,0.13506878809263337,0.17448026457446805,0.21506921659666806,0.2505851722281104,0.2864005950544667,0.3372922863273672,0.4501292965876234,0.6295453544715282,0.7984617344139789,0.909433256895907,0.9545989080508235,0.991827799934725,0.9991348831977939,1,1,1,1,1,1,1.0000000000000002
0.18,0,0,0,0,0,0,0,0,0,0,0,0,0,0,0,0,0,0,0,0,0,0,0,0,0,0,0,0,0,0,0,0,0,0,0,0,0,0,0,0,0,0,0,0,0,5.7045478227148345e-5,7.593390540602827e-5,2.5527172583987275e-4,3.6355749417102585e-4,7.713711610893189e-4,0.0010585538494905333,0.0015242308967600945,0.001999831397144947,0.0028042636956576504,0.005754359979031805,0.009461338415163712,0.014146729072343153,0.022081632088927855,0.044581451783043596,0.07654995823171944,0.11743872569622218,0.15107001438351186,0.1981962344386853,0.2308137494177799,0.264253470091936,0.3040224241158236,0.37303510436555704,0.5101022286280146,0.6903505754066046,0.8401823370930827,0.9300332560920626,0.9765728326537814,0.9976356781890737,0.9996121865959606,1,1,1,1,1,1,1.0000000000000002
0.19,0,0,0,0,0,0,0,0,0,0,0,0,0,0,0,0,0,0,0,0,0,0,0,0,0,0,0,0,0,0,0,0,0,0,0,0,0,0,0,0,0,0,0,0,3.2920560495801535e-5,7.593390540602827e-5,1.7254859381761982e-4,3.1656965612640695e-4,7.55134525953482e-4,0.0010025978424521532,0.0013494202923804571,0.0018569700944887193,0.002179769864451191,0.004830117799056314,0.007172790763134828,0.011351663580651672,0.016989076335655107,0.030262218845905235,0.06021613970990026,0.09537034298271903,0.13272938993198152,0.16830272650931918,0.2130547172751019,0.24176272080457953,0.27534689066168755,0.3193552933791596,0.40595425589715256,0.5871346117309669,0.7543071253019601,0.8806946906644008,0.947478217014009,0.987326373356869,0.9979308066688136,1,1,1,1,1,1,1,1.0000000000000002
0.2,0,0,0,0,0,0,0,0,0,0,0,0,0,0,0,0,0,0,0,0,0,0,0,0,0,0,0,0,0,0,0,0,0,0,0,0,0,0,0,0,0,0,0,3.2920560495801535e-5,7.593390540602827e-5,1.3435639853745559e-4,2.807353193134304e-4,6.879195849877724e-4,8.425574002592486e-4,0.00124804835294225,0.0015434324270958638,0.0019998313971449464,0.002661073315193672,0.006236819994496674,0.009060524840253019,0.014188828667224089,0.022247097522553397,0.04552035230264979,0.0759120744481607,0.11345422923546039,0.1449973467063399,0.19149729335420088,0.2212095784543316,0.2537423990294876,0.29182239794678966,0.3455364266353328,0.45581032333440946,0.638236481485255,0.805208145770964,0.907001700974434,0.9553906916207839,0.9915795027414515,0.9993830717634417,1,1,1,1,1,1,1,1.0000000000000002
0.21,0,0,0,0,0,0,0,0,0,0,0,0,0,0,0,0,0,0,0,0,0,0,0,0,0,0,0,0,0,0,0,0,0,0,0,0,0,0,0,0,0,0,0,7.593390540602827e-5,7.593390540602827e-5,2.450958732409667e-4,6.474781588662801e-4,8.233079459708941e-4,0.0010463843604640866,0.001379784908738386,0.001856970094488719,0.002179769864451191,0.004772011604011949,0.007084115476201504,0.011480757929195283,0.017309578950823665,0.03029963147822335,0.058887438539687434,0.09174092467145087,0.12911067783172087,0.15806496894339384,0.20552296652231403,0.2326698441014014,0.2665780980904011,0.30957442999746,0.3723905144235666,0.5070724667607931,0.6985411718798119,0.8371424664667958,0.9322409688158011,0.9758524302137315,0.9976356781890738,1,1,1,1,1,1,1,1,1.0000000000000002
0.22,0,0,0,0,0,0,0,0,0,0,0,0,0,0,0,0,0,0,0,0,0,0,0,0,0,0,0,0,0,0,0,0,0,0,0,0,0,0,0,0,0,0,7.593390540602827e-5,7.593390540602827e-5,2.450958732409667e-4,3.1656965612640695e-4,7.312588127755779e-4,9.230568608815521e-4,0.0013245573457792996,0.0016633573260448553,0.001981019648290203,0.002756148047262195,0.00620414224869397,0.008854285707768063,0.014951059133090342,0.022213014007474864,0.04440673702656913,0.07297305818262421,0.1099391255257586,0.1400664096907652,0.18402552741539874,0.21538782142331425,0.24187674147257004,0.278405071432792,0.32209694602822986,0.4072586180893125,0.5782007307278154,0.7505040753155459,0.8716150537518569,0.9427690113473249,0.9865811686738912,0.9979308066688136,1,1,1,1,1,1,1,1,1.0000000000000002
0.23,0,0,0,0,0,0,0,0,0,0,0,0,0,0,0,0,0,0,0,0,0,0,0,0,0,0,0,0,0,0,0,0,0,0,0,0,0,0,0,0,0,5.1808987674681464e-5,7.593390540602827e-5,1.6797664874099985e-4,2.6328780564227627e-4,7.312588127755779e-4,8.233079459708941e-4,0.0010241572312551103,0.001482607346474836,0.0018569700944887193,0.002210930018422033,0.005016120243829662,0.007060127940467568,0.011374660688032182,0.018555601718036652,0.027866289590783973,0.0571220702881699,0.08807908420879379,0.12287909432777666,0.15063629302782605,0.1963938625059117,0.22745987785922528,0.2527774853884182,0.2957331586141039,0.3445837016528709,0.4494970262963775,0.6252007382614607,0.7899758497145232,0.9004265666290581,0.9531706368817897,0.9910707196962967,0.9993830717634418,1,1,1,1,1,1,1,1,1.0000000000000002
0.24,0,0,0,0,0,0,0,0,0,0,0,0,0,0,0,0,0,0,0,0,0,0,0,0,0,0,0,0,0,0,0,0,0,0,0,0,0,0,0,0,3.2920560495801535e-5,7.593390540602827e-5,8.320556647827637e-5,2.450958732409667e-4,6.879195849877724e-4,7.904800384500904e-4,9.230568608815521e-4,0.0013245573457792996,0.0017293709732657647,0.0019376324965498122,0.0028595295977788047,0.006325993690536883,0.008923206741445804,0.013874223893153672,0.021299273562975857,0.04100761886691383,0.06962338476231607,0.10605517351752038,0.13345625571577013,0.16766556797490956,0.20810190137770698,0.2327442348555342,0.26590078247865534,0.3069307690517056,0.3684514275053442,0.5043695366654115,0.6885275386654763,0.8241334552237535,0.9245275607232742,0.9683921053198764,0.9960712518758155,0.9997708851674811,1,1,1,1,1,1,1,1,1.0000000000000002
0.25,0,0,0,0,0,0,0,0,0,0,0,0,0,0,0,0,0,0,0,0,0,0,0,0,0,0,0,0,0,0,0,0,0,0,0,0,0,0,0,3.2920560495801535e-5,7.593390540602827e-5,8.320556647827637e-5,1.6797664874099982e-4,2.991221424552528e-4,7.312588127755778e-4,8.233079459708941e-4,0.001213651734706827,0.0015296814476341081,0.0018965744489050581,0.002322420301716044,0.004457726322958765,0.007126560123541054,0.011776864057567846,0.017344164069939258,0.02770522996586609,0.054048946828649413,0.08343345445760914,0.11755227990440753,0.14488168064931065,0.18859563860209977,0.21614564608047282,0.2411867164285987,0.2790628212921623,0.324980063795471,0.41183400410572796,0.5624019671619581,0.7337324075882583,0.8534917516455793,0.9357225609029252,0.9768364016132789,0.9984081100669804,1,1,1,1,1,1,1,1,1,1.0000000000000002
0.26,0,0,0,0,0,0,0,0,0,0,0,0,0,0,0,0,0,0,0,0,0,0,0,0,0,0,0,0,0,0,0,0,0,0,0,0,0,0,0,7.593390540602827e-5,7.593390540602827e-5,8.320556647827637e-5,2.450958732409667e-4,6.879195849877724e-4,8.143557516279945e-4,9.230568608815521e-4,0.001418622479913363,0.0016633573260448553,0.0019432747432341663,0.002886766377498012,0.006303814485280492,0.008981165969702241,0.014515670023854574,0.020687029094050152,0.038272624452322705,0.06768943602025497,0.09752093354990622,0.1289932897073287,0.15905160810963517,0.200516683468485,0.22612458235313673,0.25196521273126254,0.29060351611139074,0.34594239043768127,0.4486248998173732,0.6209534843534653,0.7712363030867442,0.880331213043484,0.9417308890762865,0.985422977732046,0.9989754114531717,1,1,1,1,1,1,1,1,1,1.0000000000000002
0.27,0,0,0,0,0,0,0,0,0,0,0,0,0,0,0,0,0,0,0,0,0,0,0,0,0,0,0,0,0,0,0,0,0,0,0,0,0,0,3.2920560495801535e-5,7.593390540602827e-5,8.320556647827637e-5,1.4620000468632368e-4,2.991221424552528e-4,7.904800384500904e-4,8.577333185778683e-4,0.001213651734706827,0.0015780111563511103,0.0019308911938861726,0.0024344377484884915,0.004263506517782157,0.007239005690956595,0.011607944904426005,0.01631914101260744,0.027229095912142457,0.05236170100970597,0.08228955124349469,0.11213220866423794,0.13887842283013277,0.17463423464933342,0.2093356875623599,0.2318810254266409,0.265571292524912,0.30861089337129494,0.3715105316112685,0.5030281132832525,0.672553140203255,0.8062434021896379,0.9115182459618656,0.9481896608698558,0.9882736477884569,0.9997708851674811,1,1,1,1,1,1,1,1,1,1.0000000000000002
0.28,0,0,0,0,0,0,0,0,0,0,0,0,0,0,0,0,0,0,0,0,0,0,0,0,0,0,0,0,0,0,0,0,0,0,0,0,0,0,7.593390540602827e-5,7.593390540602827e-5,8.320556647827637e-5,2.450958732409667e-4,6.879195849877724e-4,8.143557516279947e-4,9.668433788934854e-4,0.001482607346474836,0.001634861743837746,0.001980284814350564,0.0027621545159861962,0.0063546490192526095,0.008927053437373302,0.014279270750542718,0.019694738096333972,0.03553113474469121,0.06948133497192362,0.09589497288152862,0.12226375397151396,0.14888086739900486,0.1905666421442997,0.21710048610670885,0.23880535924999347,0.2746605461772747,0.3303075267896652,0.41103297760277896,0.5580569995095718,0.7197693933906851,0.8373640827982003,0.9218508993437697,0.9546702284770606,0.9937973082496043,1,1,1,1,1,1,1,1,1,1,1.0000000000000002
0.29,0,0,0,0,0,0,0,0,0,0,0,0,0,0,0,0,0,0,0,0,0,0,0,0,0,0,0,0,0,0,0,0,0,0,0,0,0,3.2920560495801535e-5,7.593390540602827e-5,8.320556647827637e-5,1.341327534253918e-4,2.809302100539432e-4,7.47140810662285e-4,8.233079459708941e-4,0.001241818239106185,0.0015296814476341081,0.00186921306690913,0.00259932809468301,0.004532248069228619,0.0072540953461605615,0.011568286236196736,0.01631914101260744,0.025949765997882818,0.05100616881590582,0.08105834336749085,0.10656216740177865,0.12994868245648453,0.16213877328726298,0.20016015162576298,0.22670133434277792,0.25283794624699957,0.29371738132046876,0.34679089360299126,0.45454189132696765,0.618811401885327,0.7607331107221008,0.8629090990672,0.9264931360791113,0.9645406297768401,0.997023171735874,1,1,1,1,1,1,1,1,1,1,1.0000000000000002
0.3,0,0,0,0,0,0,0,0,0,0,0,0,0,0,0,0,0,0,0,0,0,0,0,0,0,0,0,0,0,0,0,0,0,0,0,0,0,7.593390540602827e-5,7.593390540602827e-5,8.320556647827637e-5,1.462000046863237e-4,6.879195849877724e-4,8.143557516279947e-4,9.548783653980684e-4,0.0014603802172658597,0.0016691784888188605,0.002002515138489713,0.0027621545159861962,0.0065831791795499875,0.008842049125207998,0.014279270750542718,0.018264061144880366,0.032901969197128705,0.0689075350977617,0.09276043966916557,0.11698028516579298,0.14383552312888878,0.17927519980246645,0.2081593430272755,0.23401687139108276,0.26244768597373835,0.3120150243763906,0.37697730634069737,0.5081068413787393,0.6682471251395298,0.793707630393583,0.8899183741986949,0.9331133285247079,0.9731431645718182,0.9985632079521967,1,1,1,1,1,1,1,1,1,1,1.0000000000000002
0.31,0,0,0,0,0,0,0,0,0,0,0,0,0,0,0,0,0,0,0,0,0,0,0,0,0,0,0,0,0,0,0,0,0,0,0,0,3.2920560495801535e-5,7.593390540602827e-5,8.320556647827637e-5,1.341327534253918e-4,2.809302100539432e-4,7.471408106622849e-4,8.233079459708941e-4,0.001241818239106185,0.0015639981926152226,0.0018372350108141688,0.002486454406624375,0.004547123664111039,0.007317639312358251,0.011749045800557273,0.015619371431610457,0.02413734281478705,0.04712959070650536,0.07986496346472752,0.10293756385028022,0.12702918721430106,0.15551531562303028,0.18878051323652226,0.21448430156043655,0.2436678193271844,0.2754448312461206,0.33041916084481693,0.419797610374981,0.5719708341470021,0.7162632450702563,0.8173287970947964,0.9051420503335307,0.9385097828410436,0.9795049638447965,0.9997708851674811,1,1,1,1,1,1,1,1,1,1,1.0000000000000002
0.32,0,0,0,0,0,0,0,0,0,0,0,0,0,0,0,0,0,0,0,0,0,0,0,0,0,0,0,0,0,0,0,0,0,0,0,0,7.593390540602827e-5,7.593390540602827e-5,8.320556647827637e-5,1.341327534253918e-4,6.227398145418439e-4,7.471408106622849e-4,9.131685519981567e-4,0.001495284829398685,0.0016208487801018584,0.002002515138489713,0.0026309099794366007,0.006252008692535982,0.008830777411559979,0.014382891920822254,0.01891918796657923,0.031433195898300105,0.06703446894506472,0.09103313581572131,0.11536836941045299,0.13475759230905685,0.16960447205366785,0.20050027111218968,0.2251315149873887,0.2516492085777767,0.296744766159642,0.3557300174865557,0.46938339949937863,0.6229581976039136,0.7474960677278679,0.8520168089365878,0.9143371296579919,0.9418784788755978,0.9855952132227068,1,1,1,1,1,1,1,1,1,1,1,1.0000000000000002
0.33,0,0,0,0,0,0,0,0,0,0,0,0,0,0,0,0,0,0,0,0,0,0,0,0,0,0,0,0,0,0,0,0,0,0,0,0,7.593390540602827e-5,7.593390540602827e-5,1.341327534253918e-4,2.345749681834478e-4,7.47140810662285e-4,7.710165238401891e-4,0.0011702198539440233,0.0015639981926152226,0.0016976740710259698,0.0024508916388760473,0.004913166813956146,0.007267053982939577,0.010909290354059166,0.015666793780158516,0.02292816717725167,0.04242360552943501,0.07955260792149843,0.10110775705211673,0.12227156557578533,0.14925986918562886,0.17895743524245558,0.2062793598507554,0.23379787490241966,0.26289978456777546,0.31353411143557325,0.3937122547355142,0.526153525864554,0.6758882926659299,0.7799510374395145,0.8742748778493531,0.9167215827239341,0.9488983698654749,0.9889304391687757,1,1,1,1,1,1,1,1,1,1,1,1.0000000000000002
0.34,0,0,0,0,0,0,0,0,0,0,0,0,0,0,0,0,0,0,0,0,0,0,0,0,0,0,0,0,0,0,0,0,0,0,0,5.1808987674681464e-5,7.593390540602827e-5,8.320556647827637e-5,1.341327534253918e-4,6.227398145418439e-4,7.47140810662285e-4,8.693820339862234e-4,0.0013406278445461748,0.0015639981926152226,0.0020199083383479373,0.002758809424095755,0.006349706462275998,0.008481753654742932,0.013605130899388253,0.01832303955586178,0.030919067734966995,0.06544194002601049,0.08882481925018025,0.11243216148853799,0.13224551136752014,0.16108774669325848,0.1887058636930455,0.21607107002038997,0.2443711097212313,0.2812934033260743,0.33281636487707694,0.43923259425844324,0.589211287588617,0.7097619231966519,0.8031971544827271,0.8925556484790348,0.9240279822719459,0.95656243226149,0.993503876277786,1,1,1,1,1,1,1,1,1,1,1,1.0000000000000002
0.35,0,0,0,0,0,0,0,0,0,0,0,0,0,0,0,0,0,0,0,0,0,0,0,0,0,0,0,0,0,0,0,0,0,0,0,7.593390540602827e-5,7.593390540602827e-5,1.2051915596104683e-4,1.8203434149930022e-4,7.289488782609753e-4,7.710165238401891e-4,0.0010239559506542528,0.0014508944695841794,0.0016208487801018584,0.0023848364575628977,0.004691822051616362,0.007772028671328932,0.010912389436326338,0.01574852328889717,0.022993340557837257,0.042054955316569276,0.08108545554493332,0.10071911296623248,0.11932578244814385,0.1454125630264674,0.17305172822622983,0.19356626943013563,0.22305505957992047,0.2529499604988419,0.30047837114383025,0.3736729657846044,0.49092850376953506,0.6374250235352934,0.7484779815923843,0.8408618252573454,0.903718434177758,0.9301626411792518,0.9664923423306594,0.9973230638565007,1,1,1,1,1,1,1,1,1,1,1,1.0000000000000002
0.36,0,0,0,0,0,0,0,0,0,0,0,0,0,0,0,0,0,0,0,0,0,0,0,0,0,0,0,0,0,0,0,0,0,0,1.8888427178879925e-5,7.593390540602827e-5,7.593390540602827e-5,1.341327534253918e-4,6.227398145418438e-4,7.289488782609753e-4,8.170906118555185e-4,0.0012172939551032954,0.0015639981926152226,0.0017953718407659849,0.003288519261879374,0.006524411633959948,0.008608349567891771,0.012677898264771451,0.018270530878479355,0.030370245824892433,0.060527562333519025,0.08789279422030494,0.10752815453938595,0.12814350218008946,0.15518086394272929,0.18288371049068683,0.2019437213944723,0.23556067123514846,0.2686569177461967,0.31788361908373447,0.42182347086823996,0.553814541191765,0.6757356389022954,0.7798664420784114,0.8607899849520707,0.9075647147643341,0.9334702789032825,0.9718695503876368,0.9992707603830935,1,1,1,1,1,1,1,1,1,1,1,1.0000000000000002
0.37,0,0,0,0,0,0,0,0,0,0,0,0,0,0,0,0,0,0,0,0,0,0,0,0,0,0,0,0,0,0,0,0,0,0,7.593390540602827e-5,7.593390540602827e-5,9.594055814522755e-5,1.8203434149930022e-4,6.697276525864627e-4,7.710165238401891e-4,9.111397713387202e-4,0.001404504083481788,0.0016649420114103362,0.0022498091236892504,0.0045989102872745135,0.007356393815348748,0.010966616986141481,0.015234906314391632,0.022173109329622326,0.04221543346419579,0.07936576521008976,0.10107818477844155,0.11741343143404777,0.14502831835943047,0.16445948749626702,0.186469601073287,0.21495046423709224,0.2489324508246091,0.2860812490040204,0.35526697306174815,0.4672015305658042,0.6070627905952731,0.7095382493302165,0.8053286170029725,0.8857695049704265,0.9117659936271496,0.9371782988866506,0.9803166102956383,0.999587796499025,1,1,1,1,1,1,1,1,1,1,1,1.0000000000000002
0.38,0,0,0,0,0,0,0,0,0,0,0,0,0,0,0,0,0,0,0,0,0,0,0,0,0,0,0,0,0,0,0,0,0,0,7.593390540602827e-5,7.593390540602827e-5,1.341327534253918e-4,2.2247576762079245e-4,7.289488782609753e-4,8.170906118555185e-4,0.0010593493871034463,0.0014508944695841794,0.0016841435417461056,0.0034495629121463938,0.006027430660861789,0.0087266354676623515,0.012203856890310701,0.018057387501891974,0.029284416856520622,0.05866940053007603,0.08879724380786277,0.10700584415988147,0.1295061303138023,0.15146084380163388,0.17310015697778217,0.1907739803327639,0.2264627912713204,0.26137167183085586,0.3041619083772877,0.40289030827708694,0.5261993795023874,0.6461219717117943,0.7445337476416544,0.8303843424957988,0.8948893564690497,0.9142995317197237,0.940359222485116,0.9851878468460126,0.999587796499025,1,1,1,1,1,1,1,1,1,1,1,1.0000000000000002
0.39,0,0,0,0,0,0,0,0,0,0,0,0,0,0,0,0,0,0,0,0,0,0,0,0,0,0,0,0,0,0,0,0,0,7.593390540602827e-5,7.593390540602827e-5,8.320556647827637e-5,1.8203434149930022e-4,6.697276525864628e-4,7.289488782609753e-4,8.588483492080152e-4,0.0013408035657056535,0.0014949877008926574,0.0027264895104723535,0.004604424736751975,0.007474098237827962,0.01071929105164022,0.015525731223189317,0.022635754388158333,0.04245454842815413,0.07589970687346356,0.09974907465716666,0.11767916016634171,0.1431249291244678,0.15852099730154284,0.18251935745890288,0.2056842274278327,0.23952794702228117,0.27837859824138383,0.33787579878925306,0.4533779590956028,0.5746495498666074,0.6763933504225037,0.7757606309240755,0.8518932322324518,0.8984326266831508,0.9210629944190385,0.9465813394109597,0.9868597889494305,1,1,1,1,1,1,1,1,1,1,1,1,1.0000000000000002
0.4,0,0,0,0,0,0,0,0,0,0,0,0,0,0,0,0,0,0,0,0,0,0,0,0,0,0,0,0,0,0,0,0,0,7.593390540602827e-5,7.593390540602827e-5,1.341327534253918e-4,2.2247576762079245e-4,6.697276525864628e-4,7.710165238401891e-4,9.432456246405747e-4,0.0014485973147902662,0.0017284859776080263,0.0036994735451570783,0.006294795197403973,0.008451420987686727,0.012519806729983674,0.01884555760582746,0.0307081895638718,0.05839933627753821,0.08818159354337335,0.10634330510018278,0.1292259988362914,0.148353806158334,0.1664492420836484,0.1857942183942955,0.2174372541113847,0.2524597879219408,0.29515220848621626,0.3809032908502828,0.4969147677551262,0.6206925991353126,0.7077167653251519,0.8097940718620181,0.8705201991057481,0.9040410294721895,0.9256102139310548,0.9593484369312126,0.9919799680689734,1,1,1,1,1,1,1,1,1,1,1,1,1.0000000000000002
0.41,0,0,0,0,0,0,0,0,0,0,0,0,0,0,0,0,0,0,0,0,0,0,0,0,0,0,0,0,0,0,0,0,3.2920560495801535e-5,7.593390540602827e-5,7.593390540602827e-5,1.699670902383683e-4,3.394517460207131e-4,7.289488782609753e-4,8.170906118555184e-4,0.0012302078628598978,0.0014485973147902662,0.002876664008293069,0.004766561053137935,0.007312779823566122,0.010542694481294244,0.014965516192120186,0.023546469233784135,0.04448708632547334,0.07602534750249088,0.09908071443469396,0.11550510283703866,0.1405478121843429,0.15755669389213636,0.17473883666317586,0.19891622473274295,0.22622795751379302,0.2699445129448122,0.32914330062472447,0.43459155562191626,0.5446115001013143,0.6493955930142801,0.7443775954294812,0.8296151023531345,0.8897876759952047,0.9091653620009563,0.9297926682652948,0.967535547735602,0.9960505678978797,1,1,1,1,1,1,1,1,1,1,1,1,1.0000000000000002
0.42,0,0,0,0,0,0,0,0,0,0,0,0,0,0,0,0,0,0,0,0,0,0,0,0,0,0,0,0,0,0,0,0,7.593390540602827e-5,7.593390540602827e-5,9.594055814522755e-5,1.8203434149930022e-4,6.697276525864628e-4,7.710165238401891e-4,8.999063968527692e-4,0.001416449927396171,0.0019888504221426107,0.003873584459828973,0.006361591602517105,0.008495651600992615,0.012342494495279095,0.01984297966140042,0.034995354539580144,0.06140781671488173,0.0886987792548814,0.10552181506947994,0.12776461541095144,0.14565514129473256,0.16196930141120133,0.1806593234263789,0.2058974730421856,0.24297835659092323,0.28787723107644925,0.36287618489656426,0.47874390591830324,0.592526717747338,0.680505142486122,0.7808366624984969,0.8449493198770032,0.8926031826501388,0.9107315231612981,0.9332425762298998,0.9729832838761339,0.9975899267890058,1,1,1,1,1,1,1,1,1,1,1,1,1.0000000000000002
0.43,0,0,0,0,0,0,0,0,0,0,0,0,0,0,0,0,0,0,0,0,0,0,0,0,0,0,0,0,0,0,0,3.2920560495801535e-5,7.593390540602827e-5,7.593390540602827e-5,1.699670902383683e-4,2.924639079760942e-4,7.289488782609753e-4,8.170906118555185e-4,0.0010897140034613752,0.0015242340916902667,0.002945348617138056,0.004950029918284617,0.007532479196867149,0.010349196730336584,0.015360288154074983,0.02652998768169115,0.04962957564240961,0.07689760177870204,0.09846462646477093,0.11499627506286146,0.13853924904303697,0.1549911937181181,0.17073625370270845,0.1924590312346789,0.21547357973900014,0.2637938698018541,0.31392678752333497,0.4153659163430664,0.5222227553495702,0.6289802671719461,0.7090036927833614,0.8065131341694377,0.8678083807146272,0.8967113420781513,0.9122980741031211,0.9376204836123629,0.9833441676610408,0.9987740765385013,1,1,1,1,1,1,1,1,1,1,1,1,1.0000000000000002
0.44,0,0,0,0,0,0,0,0,0,0,0,0,0,0,0,0,0,0,0,0,0,0,0,0,0,0,0,0,0,0,0,7.593390540602827e-5,7.593390540602827e-5,1.1176824221900479e-4,1.699670902383683e-4,3.858069878912085e-4,7.528245914388796e-4,8.909542025098698e-4,0.0013338258382092608,0.002404942153137439,0.0035967213958844196,0.006556511097401458,0.009312972247820543,0.01267146687033453,0.01924038707652536,0.0368228993271816,0.06295401914643702,0.08731332654001728,0.10555503914834212,0.1266197281583439,0.1436190282705505,0.15981532741296162,0.17677942578452938,0.1987685518652472,0.23724538666939526,0.28227469098427693,0.3476263934024998,0.46011558758954413,0.5638172126006793,0.6530133498304191,0.7463240171789352,0.824545074052507,0.877406072359686,0.9015450094446291,0.9215071088825749,0.9444902544182323,0.9855739222080383,0.999587796499025,1,1,1,1,1,1,1,1,1,1,1,1,1.0000000000000002
0.45,0,0,0,0,0,0,0,0,0,0,0,0,0,0,0,0,0,0,0,0,0,0,0,0,0,0,0,0,0,0,3.2920560495801535e-5,7.593390540602827e-5,7.593390540602827e-5,1.699670902383683e-4,2.924639079760942e-4,7.289488782609753e-4,8.170906118555185e-4,0.0010647775734662537,0.0017382081501224598,0.003424597727779721,0.005209822470318351,0.007307476239480035,0.010975393459324901,0.016014303140073873,0.031305462590009915,0.05145412997536975,0.07741975880155824,0.09578183401426568,0.11335646437218676,0.13627267931566361,0.14978132651877735,0.16858465673251696,0.18813766453147565,0.2121670570455995,0.25606788646416895,0.31036175024996965,0.40320941151284,0.5026270728682996,0.6057149294288168,0.684617148610062,0.7844150641647731,0.8387493597919048,0.8855616715677855,0.9076550098808648,0.9246713229962391,0.9557481723577671,0.987916432230678,0.999587796499025,1,1,1,1,1,1,1,1,1,1,1,1,1.0000000000000002
0.46,0,0,0,0,0,0,0,0,0,0,0,0,0,0,0,0,0,0,0,0,0,0,0,0,0,0,0,0,0,3.2920560495801535e-5,7.593390540602827e-5,7.593390540602827e-5,1.1176824221900479e-4,1.699670902383683e-4,3.394517460207131e-4,7.289488782609753e-4,8.491964651573731e-4,0.0014000088167293043,0.002787043022028732,0.0038986359073102986,0.006332057668003986,0.00858277095693201,0.012973905350308672,0.020100292947620422,0.038185185603366076,0.06473471667292144,0.08644733432694392,0.10500687858881323,0.1262996121297262,0.14188718122640118,0.15776214707179892,0.17375385886062417,0.19416222295011248,0.22599010135232242,0.27462340191909096,0.3393759878364663,0.4507292246007347,0.5410135135130817,0.6363116574637662,0.7135969352645102,0.8038209741836672,0.8622128662739038,0.8897999477219967,0.9098416712096977,0.9308768007257451,0.9655194541438799,0.9940463977855607,0.999587796499025,1,1,1,1,1,1,1,1,1,1,1,1,1.0000000000000002
0.47,0,0,0,0,0,0,0,0,0,0,0,0,0,0,0,0,0,0,0,0,0,0,0,0,0,0,0,0,0,3.2920560495801535e-5,7.593390540602827e-5,7.593390540602827e-5,1.5635349277402333e-4,2.924639079760942e-4,4.450282135657211e-4,7.988986794542089e-4,0.0010177034723069815,0.0022601926467493583,0.003209131636957045,0.005369364503404371,0.0072597120334035375,0.010889044081557043,0.01592435946586213,0.0338443585804831,0.05711167079045894,0.07729498399860764,0.09439634935009984,0.11215128239736681,0.13531912045642672,0.1468461281947968,0.16261099035659532,0.1851031486081577,0.20436685867494103,0.2486710512226987,0.3059160847884115,0.3900806990159607,0.4917995599469316,0.576773229536953,0.657898184003607,0.7514310779151903,0.8213158622794168,0.8716732270404347,0.896431239355012,0.9121800150433927,0.9321472487341256,0.9736773185574714,0.9961402400030268,1,1,1,1,1,1,1,1,1,1,1,1,1,1.0000000000000002
0.48,0,0,0,0,0,0,0,0,0,0,0,0,0,0,0,0,0,0,0,0,0,0,0,0,0,0,0,0,3.2920560495801535e-5,7.593390540602827e-5,7.593390540602827e-5,1.1176824221900479e-4,1.699670902383683e-4,3.394517460207131e-4,7.289488782609753e-4,8.611838431639965e-4,0.0014342808326880062,0.0028560630985418143,0.004114923095187266,0.006281481923375828,0.008539779976532989,0.0132146625083756,0.02319387673996458,0.04528229486057849,0.068954998980402,0.0852652037733174,0.10272742051312465,0.12343442111568201,0.14048083047327978,0.15460654329494927,0.17209375397349477,0.1910381946681561,0.21890157367755292,0.27110163358504963,0.3386072780522105,0.44093545370113896,0.5296622237392602,0.619026299278579,0.6884160835264141,0.7723715895741837,0.8378907702320407,0.87965374407509,0.8999541642537756,0.9185405107848607,0.9387211306668741,0.9838038925533993,0.9966644833152856,1,1,1,1,1,1,1,1,1,1,1,1,1,1.0000000000000002
0.49,0,0,0,0,0,0,0,0,0,0,0,0,0,0,0,0,0,0,0,0,0,0,0,0,0,0,0,0,3.2920560495801535e-5,7.593390540602827e-5,7.593390540602827e-5,1.4361850110707216e-4,2.399232812919466e-4,4.450282135657211e-4,7.528245914388796e-4,0.0011947121886451894,0.0022669690936448937,0.00337820734167733,0.005764481517817781,0.007368739025534673,0.011258624019102931,0.016776255647015133,0.03749397204537062,0.05996888086893262,0.07876658481063877,0.09302790644347327,0.11310772308361915,0.13415385593918,0.14575847811622678,0.15958811675882542,0.1835031691119416,0.20119754225779168,0.24279104422477923,0.29624613660257493,0.38609800449581627,0.47489282654660825,0.558926956630989,0.6387704309953773,0.7194042000922658,0.7967842523016421,0.8559533079613706,0.8857936969816914,0.9056228713498172,0.9221973927158903,0.9446110099990261,0.9865004455681569,0.9972027907101629,1,1,1,1,1,1,1,1,1,1,1,1,1,1.0000000000000002
0.5,0,0,0,0,0,0,0,0,0,0,0,0,0,0,0,0,0,0,0,0,0,0,0,0,0,0,0,3.2920560495801535e-5,5.7045478227148345e-5,7.593390540602827e-5,1.1176824221900479e-4,1.699670902383683e-4,2.924639079760942e-4,7.289488782609753e-4,8.611838431639965e-4,0.001522365057539447,0.002905482278447585,0.004288701737121238,0.006286702439277433,0.008448376219232485,0.013899748190300506,0.027855797440098005,0.04926366028977139,0.07068520702537291,0.08561466204063789,0.10064336436677646,0.1230213997125828,0.138791150117545,0.15341101959404033,0.17053977827683017,0.18992572956693748,0.21952133262224396,0.2664435148518213,0.3369806496434269,0.4338792587197135,0.5140538652319537,0.5959772998422094,0.6628409262861685,0.7495195000741959,0.8178525356080879,0.8673337514730147,0.8919915931418985,0.9086439398120397,0.9286829124648623,0.959559001999151,0.9928568070699818,0.9972027907101629,1,1,1,1,1,1,1,1,1,1,1,1,1,1.0000000000000002
0.51,0,0,0,0,0,0,0,0,0,0,0,0,0,0,0,0,0,0,0,0,0,0,0,0,0,0,0,3.2920560495801535e-5,7.593390540602827e-5,7.593390540602827e-5,1.4361850110707216e-4,2.399232812919466e-4,4.4502821356572113e-4,7.969178227473575e-4,0.0012582561548428793,0.0024915279557380524,0.003491950050742842,0.005760174751945466,0.007624451651738329,0.011127015260513688,0.019714533883681797,0.040764161992851274,0.06130633295288749,0.0799093218752403,0.09388493048755288,0.11149751022606101,0.13274395242370696,0.14362397721738748,0.1577157950248586,0.18161253084329673,0.1984819250946958,0.23618836319145728,0.29246416676543785,0.37710645819798405,0.4606013831121089,0.5434871690294356,0.6215590322487498,0.692205241956439,0.7710123129222216,0.8382987404505375,0.8733035615682183,0.8950305468232258,0.912352758527951,0.9311215036225748,0.9739452326220033,0.9952751232008207,0.99870397657559,1,1,1,1,1,1,1,1,1,1,1,1,1,1.0000000000000002
0.52,0,0,0,0,0,0,0,0,0,0,0,0,0,0,0,0,0,0,0,0,0,0,0,0,0,0,3.2920560495801535e-5,5.7045478227148345e-5,7.593390540602827e-5,1.1176824221900479e-4,1.699670902383683e-4,2.924639079760942e-4,7.289488782609753e-4,8.611838431639965e-4,0.001645366674244403,0.003008419733670239,0.004393878838394703,0.0062854532215800485,0.008830857284814286,0.014813833687258126,0.03102833754179123,0.05294548184572628,0.07121873480471247,0.08438584716733312,0.0997200423266906,0.12316650066128984,0.1377302479943778,0.15193404171452915,0.16560174212641252,0.18981491341390982,0.2143842523220895,0.2589243393441918,0.32937138349479766,0.4159727677698612,0.4962099118452949,0.5780296326322959,0.6395968060743137,0.7220936539721803,0.7921661916029146,0.8512229870011775,0.8817925389600809,0.9025693615666247,0.9184796441701474,0.9363493135497635,0.9827154469372164,0.9957524265989874,0.9990911126544328,1,1,1,1,1,1,1,1,1,1,1,1,1,1.0000000000000002
0.53,0,0,0,0,0,0,0,0,0,0,0,0,0,0,0,0,0,0,0,0,0,0,0,0,0,0,3.2920560495801535e-5,7.593390540602827e-5,7.593390540602827e-5,1.1903990329125288e-4,2.399232812919466e-4,3.858069878912085e-4,7.969178227473576e-4,0.0012635341794875867,0.0027779598355487664,0.003612874962835776,0.0060035166085218175,0.007659461696566842,0.011569180816644993,0.02327957115704711,0.04466860947814506,0.06306086080633026,0.07878071918172119,0.09150545192788899,0.10725117006809486,0.1330549245621714,0.14411408589568492,0.15625450425249363,0.1795330083028631,0.1972588898500728,0.2332267076507196,0.2833054010173155,0.36637063977256235,0.4464931241939709,0.5274609232403775,0.6018816074790196,0.6696046190204558,0.7461875936605761,0.8169243061552574,0.8607358820045322,0.8872077762708998,0.9076664732903232,0.9213373047337754,0.9445824473232853,0.9840600971988495,0.9961402400030268,0.999587796499025,1,1,1,1,1,1,1,1,1,1,1,1,1,1.0000000000000002
0.54,0,0,0,0,0,0,0,0,0,0,0,0,0,0,0,0,0,0,0,0,0,0,0,0,0,3.2920560495801535e-5,5.7045478227148345e-5,7.593390540602827e-5,1.1176824221900479e-4,1.5635349277402333e-4,2.924639079760942e-4,7.730421095694534e-4,0.0010555921492207735,0.0017912439909833202,0.0033915429802166813,0.004841744149953462,0.006351067502529415,0.010084896131829677,0.015925123054173318,0.03298983616672843,0.05572771649784564,0.07148439005361246,0.08484739636482003,0.09948236508130981,0.1233878486185598,0.1365382067673567,0.1500311221343018,0.1616484633283647,0.1881536679367089,0.21258343632030982,0.251705295576952,0.32141191146518766,0.3982936759750254,0.471238788103432,0.5618993535269661,0.6257586785022471,0.6922628944713989,0.7715686620877822,0.8370420402266886,0.8684538268979037,0.8911680072370026,0.9094732063027821,0.9286829124648623,0.9570422500697023,0.9896742700317793,0.9961402400030268,0.999587796499025,1,1,1,1,1,1,1,1,1,1,1,1,1,1.0000000000000002
0.55,0,0,0,0,0,0,0,0,0,0,0,0,0,0,0,0,0,0,0,0,0,0,0,0,0,3.2920560495801535e-5,7.593390540602827e-5,1.1176824221900479e-4,1.1176824221900479e-4,2.399232812919466e-4,3.858069878912085e-4,7.969178227473575e-4,0.0014144978250608708,0.002964633215658306,0.0036595049687010925,0.00604571844116827,0.008075633300815978,0.012630108499253575,0.025973328607903832,0.04661888431338683,0.06591593347651865,0.07943937001140015,0.09093252426966411,0.11002905961517973,0.13295469960266507,0.14396926610083305,0.1558705343494515,0.17793359430928748,0.19604550968443063,0.22771343390756246,0.27823245255051043,0.3530661805567629,0.4336482269290912,0.5125042889541365,0.585727286524143,0.6524298022243015,0.7187663035289863,0.7883984072557427,0.8511037266477044,0.8766380654600682,0.8962065846450137,0.9163671020263826,0.9319652367571375,0.9746181967388543,0.9939212779301515,0.9969736758776441,1,1,1,1,1,1,1,1,1,1,1,1,1,1,1.0000000000000002
0.56,0,0,0,0,0,0,0,0,0,0,0,0,0,0,0,0,0,0,0,0,0,0,0,0,3.2920560495801535e-5,5.7045478227148345e-5,7.593390540602827e-5,1.1176824221900479e-4,1.5635349277402333e-4,2.924639079760942e-4,7.969178227473575e-4,0.0010973498865732702,0.0018255607359644347,0.003535126337091858,0.005286107818043337,0.006707209563770437,0.010465581646654624,0.019858018197721632,0.037758726323962,0.060556971665755424,0.07226610320366965,0.08580163574418362,0.09954106233843606,0.12464049128108988,0.13708947599394328,0.14892975941543207,0.1588025025990278,0.1866187531934525,0.20897244317134556,0.24714126753729906,0.3079983581637235,0.38863889412271696,0.4564566289539025,0.5453861300911794,0.6121396720211204,0.6745848697832405,0.7481791981125273,0.8128263609190058,0.8582067401358753,0.8842748239828303,0.9040215787373003,0.919134617635198,0.9370294598696419,0.9820298564563242,0.9941248556858029,0.9979982644244724,1,1,1,1,1,1,1,1,1,1,1,1,1,1,1.0000000000000002
0.57,0,0,0,0,0,0,0,0,0,0,0,0,0,0,0,0,0,0,0,0,0,0,0,0,3.2920560495801535e-5,7.593390540602827e-5,1.1176824221900479e-4,1.2450323388595597e-4,2.2785603003101467e-4,6.697276525864628e-4,8.733565271206156e-4,0.0014099961684480424,0.0029719176564512433,0.004199467337407754,0.006262369851084884,0.008636979337166117,0.013721410383010604,0.030507135803056556,0.05055392006015061,0.06708719487769886,0.07940674977434055,0.09184588132254244,0.11138725638074361,0.1326724339117991,0.14402373966027146,0.15422055100110807,0.17447537313637404,0.19403310623705752,0.22505143086768864,0.27232794363309926,0.339699886662408,0.4192658142477949,0.4919180183729315,0.5742374869425599,0.6349788124691198,0.7013780142784368,0.768782462527319,0.8372803181189418,0.8662530823168713,0.8899606303451543,0.9078517153417155,0.9222686748029654,0.9478461228081446,0.9840600971988496,0.995057117140511,0.99870397657559,1,1,1,1,1,1,1,1,1,1,1,1,1,1,1.0000000000000002
0.58,0,0,0,0,0,0,0,0,0,0,0,0,0,0,0,0,0,0,0,0,0,0,0,3.2920560495801535e-5,5.7045478227148345e-5,7.593390540602827e-5,1.1176824221900479e-4,1.7380100644517747e-4,2.399232812919466e-4,7.969178227473576e-4,0.0012112427573568816,0.002452121686992398,0.0036595049687010925,0.0058083063749917825,0.006811770043520641,0.011433607149711875,0.02468505927902198,0.04121207522836262,0.06074660035627438,0.07398388297027016,0.08539556650913943,0.09859908829600407,0.12383223145623071,0.13604248140181627,0.14681156224526223,0.15846429368084414,0.18287559217311883,0.2049372910927013,0.24066189483397862,0.30068456235236257,0.37627338335047633,0.44584524027897277,0.534411413957051,0.5958702281473437,0.6630969488205988,0.7223828047375677,0.7889775075190605,0.850050738366574,0.8728297086946377,0.8947166577135139,0.9157274929805308,0.929279380368597,0.9662837389498469,0.9883702401123573,0.9959793433195477,0.99870397657559,1,1,1,1,1,1,1,1,1,1,1,1,1,1,1.0000000000000002
0.59,0,0,0,0,0,0,0,0,0,0,0,0,0,0,0,0,0,0,0,0,0,0,0,5.7045478227148345e-5,7.593390540602827e-5,1.1176824221900479e-4,1.3177489495820406e-4,2.2785603003101467e-4,6.674656420244453e-4,8.733565271206158e-4,0.0018096851279380721,0.0034919500507428415,0.00439855621616701,0.006461727103978618,0.009897047017416716,0.018139577080575443,0.03481648956881181,0.05293114619404299,0.06892401135266046,0.07969587178535638,0.09146310312845461,0.11220295719797416,0.13201040923585813,0.14217941829433503,0.15390647978037644,0.16628891729267015,0.19328453090274786,0.22241302238713756,0.26439191280616375,0.32992394027824373,0.40977792276796887,0.47667148570764273,0.558273606190466,0.6172187803132978,0.6821636243487238,0.7487957589321158,0.8117412859541547,0.8584071389360052,0.8814135243937361,0.9003775819596557,0.9169425025605609,0.9338325712051053,0.9791245946280586,0.9933601012251005,0.9966785473979042,0.9990911126544328,1,1,1,1,1,1,1,1,1,1,1,1,1,1,1.0000000000000002
0.6,0,0,0,0,0,0,0,0,0,0,0,0,0,0,0,0,0,0,0,0,0,0,3.2920560495801535e-5,7.593390540602827e-5,1.1176824221900479e-4,1.1176824221900479e-4,1.7380100644517747e-4,6.233724107159674e-4,8.272824391052864e-4,0.0013622064029301657,0.002657172305453243,0.0036656520143526767,0.006135543902963636,0.008040613671196949,0.012723790241766958,0.02740628993443066,0.04641388800873891,0.062449341586553686,0.07584577325722429,0.08557592990215859,0.09879645510740044,0.12427828524238176,0.13594668461552878,0.1462210401065783,0.15746321343022385,0.1816227226705465,0.20531401169918237,0.23851971971286537,0.29249983496588183,0.3689440282291761,0.43862778758695875,0.5168136043807297,0.5826653421252955,0.6407683518242793,0.7073987579504479,0.7719981948900121,0.8355363463147883,0.8639668318196362,0.8868067518305977,0.9057910972031116,0.9216100750921692,0.942953061689763,0.9835027192657734,0.9939212779301515,0.9977691495919535,0.999587796499025,1,1,1,1,1,1,1,1,1,1,1,1,1,1,1.0000000000000002
0.61,0,0,0,0,0,0,0,0,0,0,0,0,0,0,0,0,0,0,0,0,0,0,5.7045478227148345e-5,1.1176824221900479e-4,1.1176824221900479e-4,1.5635349277402333e-4,2.3992328129194656e-4,7.505625808768622e-4,0.0010059621039236284,0.0022261826150647883,0.003612874962835776,0.005060331687554517,0.0067825172628626865,0.010997879377877839,0.022102891154294615,0.03813508270840343,0.05615193932612908,0.07015355786497468,0.08028666549310498,0.09173650288809235,0.11261105521367779,0.13150166452986542,0.14213829634808683,0.15238195814497066,0.16498038571663531,0.19036051483437053,0.2193458574723885,0.26023650675076276,0.32600509963252355,0.39686993841190615,0.47216078744242657,0.5458819065756026,0.6054940734907934,0.668544506045041,0.7248286164374698,0.7884336058014514,0.8503474227773078,0.8701415295918619,0.8897793340325247,0.9133692926558147,0.9286479567338467,0.9574984030301281,0.9857919059038368,0.9943681304488456,0.9981578256271395,1,1,1,1,1,1,1,1,1,1,1,1,1,1,1,1.0000000000000002
0.62,0,0,0,0,0,0,0,0,0,0,0,0,0,0,0,0,0,0,0,0,0,3.2920560495801535e-5,7.593390540602827e-5,1.1176824221900479e-4,1.2450323388595597e-4,2.2785603003101467e-4,6.472481238938715e-4,8.733565271206158e-4,0.0014854061053058067,0.003166715743989046,0.004179313717880627,0.00627389715914669,0.00941846564718107,0.016911931551713763,0.03210570952999685,0.049547149638893374,0.06365941180453731,0.07592856028784999,0.0865196675460457,0.10255478565619229,0.12487926758244995,0.1366522402150679,0.1465987511414128,0.15729759144501984,0.18002816177590267,0.20044569531498554,0.23769278871607902,0.2874416790257747,0.3625864015350029,0.43320861092723745,0.5054946568850428,0.5732314769146837,0.6246281907999264,0.6886359011121315,0.7457030409658484,0.8130541594402938,0.8582060596157486,0.880020266464461,0.8976878852650481,0.9160609190882465,0.9326115423766306,0.9714688166859804,0.9928263561905093,0.9954986820497699,0.9984748617430711,1,1,1,1,1,1,1,1,1,1,1,1,1,1,1,1.0000000000000002
0.63,0,0,0,0,0,0,0,0,0,0,0,0,0,0,0,0,0,0,0,0,3.2920560495801535e-5,5.7045478227148345e-5,1.1176824221900479e-4,1.2450323388595597e-4,2.1424243256666973e-4,5.47719659165105e-4,7.809271972347909e-4,0.0013147872493122809,0.0025048156703248183,0.0036656520143526763,0.005911585687742878,0.007448359880359583,0.012604724779034326,0.02528930044786597,0.04367201810441691,0.059012127079523385,0.07142800592593099,0.0805249178259168,0.09192464913101134,0.11473236744076566,0.13248760081146882,0.14161497317571772,0.15233142393443475,0.1645799778978565,0.18872490228194228,0.21974153040465189,0.25725190202659715,0.32355320478557337,0.3894249683524594,0.4681406739001035,0.5339511555113539,0.5947498204497167,0.6455852617820032,0.7119398527813238,0.7737240003212056,0.8356682681765345,0.8631845723365196,0.884621151218582,0.9042197570609604,0.9208555412130881,0.9407522755746381,0.981629627553635,0.9933601012251005,0.9958817477875732,0.99870397657559,1,1,1,1,1,1,1,1,1,1,1,1,1,1,1,1.0000000000000002
0.64,0,0,0,0,0,0,0,0,0,0,0,0,0,0,0,0,0,0,0,0,5.7045478227148345e-5,7.593390540602827e-5,1.1176824221900479e-4,1.4908183170177523e-4,2.2785603003101467e-4,7.809271972347909e-4,0.001040278848904743,0.002182843387276983,0.0033842042256108144,0.0051352783595372915,0.006780335125554978,0.010497844051534923,0.021279516114790103,0.03416251292197498,0.052558981557987675,0.06524592147514685,0.07622425427023032,0.08794171499110381,0.10440296330284672,0.12611379818583304,0.13708122987916846,0.1471355058002264,0.15761304287558595,0.18048295689100524,0.19946135330353815,0.23420239779126029,0.28375417049411306,0.35959419607195725,0.42979894630308324,0.5048268589702805,0.5650056339718151,0.6148682701855065,0.6733830904090541,0.726316683919609,0.7903720274457537,0.8497910129080739,0.8705403367506244,0.8882570552381,0.9118053998958952,0.9257962642997807,0.953091910607413,0.9840600971988495,0.9943681304488456,0.9976082529084744,0.9990911126544328,1,1,1,1,1,1,1,1,1,1,1,1,1,1,1,1.0000000000000002
0.65,0,0,0,0,0,0,0,0,0,0,0,0,0,0,0,0,0,0,0,3.2920560495801535e-5,5.7045478227148345e-5,1.1176824221900479e-4,1.4908183170177523e-4,2.142424325666697e-4,5.947074972097239e-4,8.733565271206158e-4,0.001748844072666183,0.003138504510567275,0.003763174062933213,0.006278603291290549,0.009743249468780565,0.01580414702319763,0.031161045356359756,0.04836712454425044,0.06154217950327953,0.07256217738274048,0.08091769295651388,0.094840310456988,0.11905828052960415,0.13288912685580795,0.14313896764764508,0.15274677124669941,0.16519109455643136,0.18871954438404326,0.21781102579731657,0.2560325473415327,0.3260441001451373,0.3941346596485297,0.46146442320970305,0.5279833773917398,0.5854913153714743,0.6326006853649188,0.69587623908897,0.7501274345823191,0.8126127702521944,0.8573662466605073,0.8793852133890349,0.8955386205938823,0.9154734864470392,0.9322129588629802,0.9685635516627845,0.9875154014005156,0.9950213786516032,0.9979969289436604,0.9990911126544328,1,1,1,1,1,1,1,1,1,1,1,1,1,1,1,1.0000000000000002
0.66,0,0,0,0,0,0,0,0,0,0,0,0,0,0,0,0,0,0,0,5.7045478227148345e-5,1.1176824221900479e-4,1.2450323388595597e-4,2.142424325666697e-4,5.947074972097239e-4,7.283865705506433e-4,0.0014497986085350663,0.002939003485815787,0.003763174062933213,0.005912362055774756,0.007647666014370559,0.012249528417124317,0.024479679582753388,0.04194902421177514,0.05605244920056238,0.06761454366208512,0.07786423748713432,0.08963639221762813,0.1066407435144371,0.12791833628126345,0.13825252642458055,0.14821247522723033,0.15936399879709603,0.1807461776031139,0.2001304228005091,0.23512585721334356,0.28244327466975067,0.35767873319587334,0.42010200734715086,0.501195210597752,0.5574334002588136,0.5990619825590934,0.6590392277552172,0.7166860525444734,0.7740982672213143,0.833716996523079,0.8611277753344018,0.8831005561523579,0.9036451552593252,0.9187717885851063,0.9419991449983468,0.9789408829482188,0.9933601012251005,0.9956781700319218,0.9981578256271395,1,1,1,1,1,1,1,1,1,1,1,1,1,1,1,1,1.0000000000000002
0.67,0,0,0,0,0,0,0,0,0,0,0,0,0,0,0,0,0,0,5.7045478227148345e-5,5.7045478227148345e-5,1.2450323388595597e-4,2.0697077149442163e-4,5.82640245948792e-4,7.283865705506433e-4,0.0013134869127321381,0.002455450804231978,0.0033842042256108144,0.005130668075298604,0.006632106340209218,0.010740863220163868,0.02000845787474665,0.03459088276962212,0.05087176449341578,0.0631359863944027,0.07544695970860148,0.08332340828275303,0.09723192336144644,0.12213489924273317,0.13451093092003133,0.14322714133054135,0.15404121318067424,0.16860659312308027,0.18968749001384622,0.2169298768355056,0.25528170680173085,0.3282519119117111,0.39611665375052246,0.46604697545449514,0.5322661557283215,0.5778300261748488,0.6230035560275703,0.6790220654849118,0.7324793144405738,0.7982369998307263,0.8477212796336883,0.8674882231519172,0.8882823846445063,0.9098914929508052,0.9243407563510276,0.9503106983329488,0.9840758513995294,0.9939212779301515,0.9969723499816225,0.99870397657559,1,1,1,1,1,1,1,1,1,1,1,1,1,1,1,1,1.0000000000000002
0.68,0,0,0,0,0,0,0,0,0,0,0,0,0,0,0,0,0,0,5.7045478227148345e-5,1.4908183170177523e-4,1.895232578232675e-4,5.690266484844471e-4,7.283865705506433e-4,0.0011356922435715342,0.0017972217053357704,0.0032970784798110756,0.004242835319567111,0.0063136133361190614,0.009691085843856756,0.014649444945100664,0.03013062606196686,0.04751526670225951,0.057710317636571154,0.07118720084391147,0.08034897941118632,0.09253713641463014,0.11225668633868241,0.1285824152973052,0.14002143146379886,0.14977247975713012,0.1605757399635598,0.18101188397089663,0.2013332437219317,0.23366862080736728,0.28955632023866273,0.3667257722358689,0.4254796019906792,0.497902323866327,0.5512976966093412,0.591656469887275,0.644513516065831,0.7047975736013348,0.757382389364696,0.8180100169112128,0.856420965865347,0.8786083661176302,0.8936224164939984,0.9142592692096918,0.9322235308869204,0.9677618829788709,0.9854117858916523,0.9943681304488456,0.9978993334116859,0.9990911126544328,1,1,1,1,1,1,1,1,1,1,1,1,1,1,1,1,1.0000000000000002
0.69,0,0,0,0,0,0,0,0,0,0,0,0,0,0,0,0,0,5.7045478227148345e-5,1.1176824221900479e-4,1.895232578232675e-4,2.6123027061128863e-4,5.82640245948792e-4,0.0010132625193674276,0.0016710954469222649,0.0030962547539682378,0.004090440345276618,0.006117859964459729,0.007695158651382408,0.012048544944772862,0.02552394250958304,0.042091326401651204,0.05320081108030926,0.06600303046794684,0.07673235999018857,0.08642226370988156,0.1016271696299549,0.12357172323983837,0.13567430084368587,0.14418474177644625,0.15471120920739517,0.170708882735922,0.19350201618943946,0.21769843006818293,0.2591383038178334,0.3356923164159416,0.4005722778094278,0.468159444114866,0.5266672322971043,0.5694857887045838,0.6119078287182343,0.6677434603725111,0.7235174234846014,0.780168001952588,0.8361574599098724,0.8611699420228164,0.8830349450663387,0.9014453531826934,0.917959394520604,0.9396270147780793,0.9782165667187076,0.9898399079916342,0.9954986820497699,0.9979969289436604,0.9990911126544328,1,1,1,1,1,1,1,1,1,1,1,1,1,1,1,1,1.0000000000000002
0.7,0,0,0,0,0,0,0,0,0,0,0,0,0,0,0,0,2.412491773134681e-5,5.7045478227148345e-5,1.895232578232675e-4,2.5395860953904054e-4,5.826402459487921e-4,7.283865705506433e-4,0.0014983839116658557,0.0026975114938092206,0.003573487863671156,0.004974451964521991,0.006688049567526909,0.011143890881683993,0.020978576057066788,0.03653614795435366,0.04895987354926452,0.06233123460287276,0.07409939886558131,0.08133788378291983,0.094674298690303,0.11655771092147837,0.13261819358226326,0.14139264756981504,0.15086725772491466,0.16340694331043062,0.18326969319973743,0.2014567022136513,0.23678420808380835,0.2956965351295383,0.37236657800671535,0.43223684096601833,0.49585944398003995,0.5461237595947187,0.5858182429912193,0.635049318188163,0.6910056670840715,0.7444159537611302,0.8015503820392068,0.8504493442447356,0.8682557987359618,0.8877611509564699,0.9060208733861762,0.9231934665109305,0.9508285453950025,0.9848278453091234,0.9933601012251005,0.9966772215018826,0.99870397657559,0.999503316155408,1,1,1,1,1,1,1,1,1,1,1,1,1,1,1,1,1.0000000000000002
0.71,0,0,0,0,0,0,0,0,0,0,0,0,0,0,0,0,5.7045478227148345e-5,1.1324749488879873e-4,2.0697077149442163e-4,5.690266484844471e-4,6.980219541927146e-4,0.0012453198825750707,0.0025489216813539863,0.003297078479811075,0.004425336120871573,0.006323645416860212,0.008842966070167461,0.016319335903347956,0.03252752018600017,0.04660925798877757,0.05615019489425498,0.06915984831826198,0.07945496446557135,0.09164213423559192,0.10835073723620763,0.12729625142740694,0.13721026032910863,0.14711284735544417,0.1576957180836556,0.17054127989401116,0.19419745664005292,0.2204437696666721,0.260364390220771,0.3385045418775887,0.404315058633071,0.46973180024481204,0.5233998570831054,0.5674725737449469,0.602806328898521,0.6583855130926545,0.7137283012084062,0.7640388250981676,0.8194112557760584,0.856491209600116,0.8777005107345086,0.8940306135525373,0.9126239442009791,0.930883417426132,0.9671698081041232,0.9854117858916523,0.9939212779301515,0.9966772215018826,0.99870397657559,1,1,1,1,1,1,1,1,1,1,1,1,1,1,1,1,1,1.0000000000000002
0.72,0,0,0,0,0,0,0,0,0,0,0,0,0,0,0,2.412491773134681e-5,6.978046989409953e-5,1.895232578232675e-4,2.6123027061128863e-4,6.2673347725727e-4,0.001134200211181051,0.0021631881768567414,0.0031724666182992595,0.0043845752017328465,0.005993110720950503,0.008015590978087175,0.013159818337037195,0.025649685376375863,0.04300768349396136,0.05285357328945855,0.0643928655343413,0.0762970283896959,0.08547948454504614,0.09978811989880285,0.11896962441225185,0.1343657245386286,0.1425766918866148,0.152486224691145,0.16502376647851535,0.1847232809954569,0.206783545391392,0.24162852415255057,0.30073816050093377,0.37861090289218685,0.43321758868102184,0.49366583687301235,0.542121764501403,0.581740710163839,0.6286320804868343,0.6862984135197226,0.734632869902961,0.785623728613481,0.8341189187387594,0.8633596832643354,0.8828532557772981,0.9017730955096325,0.9179016813019709,0.9390745921817005,0.9789480843208272,0.9919715174786675,0.9947559438528851,0.9969723499816225,0.9990911126544328,1,1,1,1,1,1,1,1,1,1,1,1,1,1,1,1,1,1.0000000000000002
0.73,0,0,0,0,0,0,0,0,0,0,0,0,0,0,0,5.7045478227148345e-5,1.3019340452289532e-4,2.5395860953904054e-4,5.826402459487921e-4,7.868537927044834e-4,0.00156560524249191,0.002970358530527141,0.004052427066086105,0.0046870296563578506,0.007043447210037776,0.011293359299936623,0.020778007925637738,0.038074797570981526,0.04881950748707289,0.060084939902373076,0.07244958484853702,0.08155275242180027,0.09611095016117888,0.11398223617546206,0.12971602125147422,0.13961084459749099,0.14906785707720135,0.16060912698386076,0.1726374384358522,0.19652990263264977,0.22696102465704598,0.2641268518142758,0.3430501894839601,0.4095815016559035,0.4735914100800672,0.5198919068220595,0.5624800256959287,0.5948534256453454,0.6482953517159008,0.7050537271279023,0.7530838376578535,0.8043878186948439,0.8499464494558885,0.868285297526243,0.8894545470159951,0.9063315068620424,0.9207339613403098,0.9473808706865879,0.9852280742118126,0.9933601012251005,0.9956781700319218,0.9982260437761793,0.9990911126544328,1,1,1,1,1,1,1,1,1,1,1,1,1,1,1,1,1,1.0000000000000002
0.74,0,0,0,0,0,0,0,0,0,0,0,0,0,0,2.412491773134681e-5,6.978046989409953e-5,2.0697077149442163e-4,2.851059837891928e-4,7.330288040910547e-4,0.0014089737907928932,0.0026277118543340874,0.0035612480861809182,0.004522928457915901,0.006896662533129913,0.009892420758527167,0.017570968967943575,0.03424999649995403,0.046653833654542065,0.05656132170376199,0.06751985232163728,0.07856015717727363,0.0902146234599391,0.1041702094448616,0.12420235772683606,0.13574842961354452,0.145683438791269,0.15517017051144247,0.16735506229625016,0.18730232767340588,0.2088906561538638,0.24665548798938514,0.31182041798466315,0.37793300899807986,0.4398564203492438,0.49676575940681844,0.5402179215863558,0.5799021205026318,0.624982141139069,0.68001606257534,0.7251780395605583,0.7729983550007428,0.8179419776782626,0.8569808582084687,0.8769907026829101,0.8937560444484566,0.9118620811520827,0.9307281981335692,0.9662785439933866,0.9871352813883312,0.9939212779301515,0.9966772215018826,0.99870397657559,0.999503316155408,1,1,1,1,1,1,1,1,1,1,1,1,1,1,1,1,1,1.0000000000000002
0.75,0,0,0,0,0,0,0,0,0,0,0,0,0,0,2.412491773134681e-5,1.1180658138107294e-4,2.5395860953904054e-4,6.738075784165422e-4,0.0010079557403511693,0.002491138174257027,0.003450780180542056,0.004283263965967914,0.006244372809424087,0.008146653403616947,0.014193828732943805,0.02704834593257244,0.04349958452808549,0.053959360986616973,0.06505315216826849,0.07590119890585405,0.08490775179070571,0.09974389887028748,0.11889773848337419,0.13263354202681119,0.14120333837231333,0.15196917636163437,0.16347065980285763,0.17886887177807823,0.19944315178634633,0.2302020065528911,0.2720862982844444,0.34616150513876076,0.41511773097234894,0.46962682761906976,0.5199942532152003,0.5602552839943716,0.59616557068740506,0.6469620083121476,0.699934206163975,0.7459896773211901,0.79736817371459,0.8369396618842461,0.8643141686533222,0.8841731932540482,0.9004752445851638,0.9167621263878211,0.9396851561173556,0.9798264377187373,0.9907992336998321,0.9947559438528851,0.9966772215018826,0.9990911126544328,1,1,1,1,1,1,1,1,1,1,1,1,1,1,1,1,1,1,1.0000000000000002
0.76,0,0,0,0,0,0,0,0,0,0,0,0,0,2.412491773134681e-5,6.978046989409953e-5,2.0697077149442163e-4,3.76273316256943e-4,8.244453411122475e-4,0.0016802073877737814,0.0030013557430591934,0.004172035666948034,0.004945713567621784,0.007212241760902895,0.012404597547969059,0.021877335473987687,0.03824951232745599,0.051028910328872544,0.0615900044130293,0.07367610256704786,0.08153140389838869,0.09712019026345933,0.11248684271843752,0.13080790141759244,0.1390730228319998,0.1494982908497398,0.15768600549593167,0.17037610839396147,0.19293265087835673,0.21838265631389148,0.2518213258560209,0.3214942000867065,0.3803372993854622,0.44314658180523175,0.501717271772703,0.5350365020452696,0.5758866523887792,0.6188526388490614,0.6732455135209029,0.7179846670572533,0.7609985071816567,0.8069425423693908,0.849821419058524,0.8685943590964644,0.8897123491265314,0.9066699969340812,0.9202521115565079,0.9509582435853488,0.9852280742118126,0.9933601012251005,0.9947559438528851,0.9969723499816225,0.9990911126544328,1,1,1,1,1,1,1,1,1,1,1,1,1,1,1,1,1,1,1.0000000000000002
0.77,0,0,0,0,0,0,0,0,0,0,0,0,0,3.685990939829799e-5,1.1180658138107294e-4,3.2192755402542277e-4,6.738075784165422e-4,0.0012151373772369654,0.0027907491410286474,0.0037181415221540673,0.004402415691815199,0.006993277221541505,0.010300020365123912,0.017920820211675258,0.03346702774233911,0.04875996996331131,0.05679538548311787,0.067974260850189,0.07808710623116631,0.09156455494114714,0.1024779348058269,0.12639586259609817,0.1348513251704529,0.14560084984631397,0.1546316522511737,0.16651351449392535,0.18603611933736405,0.20351949609970257,0.23921556272468053,0.282387331442433,0.3505295497717819,0.41743185084547724,0.47098004987835523,0.5214059906205922,0.5577299952115025,0.5930301365047335,0.6423590596331352,0.6926637208260302,0.7357619965650283,0.7854222690965338,0.824198906563264,0.8585900742478131,0.8783506183209068,0.8951825424312447,0.9121556409211079,0.9291430654778638,0.9676636899949542,0.9869515697084914,0.9939212779301515,0.9962082089475132,0.9981544038569249,0.9990911126544328,1,1,1,1,1,1,1,1,1,1,1,1,1,1,1,1,1,1,1.0000000000000002
0.78,0,0,0,0,0,0,0,0,0,0,0,0,2.412491773134681e-5,6.978046989409953e-5,1.6652934537292937e-4,3.76273316256943e-4,0.0010272371439412472,0.0024522590689898096,0.0035711044457625903,0.004321615907756695,0.006633122328004022,0.009397088369397937,0.01747065135546224,0.028646360546732575,0.04496512136264951,0.05309551257168924,0.06593733631374317,0.07584813431062164,0.08562478677435403,0.099681230314957,0.11901474002121548,0.13336888396034702,0.1424126993157987,0.1520228863327616,0.16183085550204326,0.17950476192520942,0.19780967664220336,0.22598220987479675,0.2566522423876203,0.32414878449872014,0.3831327642434252,0.4452867984341494,0.5037538608414807,0.5343291860392055,0.5741628853230358,0.6169701796016577,0.665279201145794,0.7123829129179033,0.7514400173298125,0.8001034077489441,0.8375653665939878,0.8652501681763319,0.8852694281099913,0.9033793083146149,0.9170395773189173,0.9402226583898295,0.9800651724860052,0.9916540724116739,0.994309091334191,0.9964736437462313,0.99870397657559,0.999503316155408,1,1,1,1,1,1,1,1,1,1,1,1,1,1,1,1,1,1,1.0000000000000002
0.79,0,0,0,0,0,0,0,0,0,0,0,0,3.685990939829799e-5,1.1180658138107294e-4,2.749397159808038e-4,8.657238389388931e-4,0.0020040359252517475,0.003253700912861202,0.004173300859296281,0.005858815026086322,0.008849327176140592,0.015589952514583543,0.026588851075186357,0.04290942022158084,0.052780725686599,0.06165121608020118,0.07185511377616005,0.08292256595347078,0.09633433967882896,0.11107494237160676,0.13139789639279797,0.13937113857145075,0.1492722942690691,0.15869482706235957,0.17391489931596094,0.19412790301020105,0.21163670502685122,0.24425105702507527,0.29347446438960534,0.3531302580762994,0.4206285286446225,0.47233928819115534,0.5203655488302488,0.5528268317239159,0.5921382493826133,0.6331614882631396,0.6870877306035901,0.727349681522651,0.7723806663708034,0.8134809158482039,0.8509765236978227,0.8732320302765898,0.8897459278426427,0.9068615713370751,0.9233883540565131,0.9551563243230616,0.9852280742118126,0.9933601012251005,0.9947559438528851,0.9969723499816225,0.9990911126544328,1,1,1,1,1,1,1,1,1,1,1,1,1,1,1,1,1,1,1,1.0000000000000002
0.8,0,0,0,0,0,0,0,0,0,0,0,0,5.4307423069452145e-5,1.9173414950252748e-4,3.7627331625694294e-4,0.0016754693063281995,0.002868417893518257,0.003950010384481542,0.00495429195513452,0.008303652272285784,0.014195023636828261,0.02382516618764761,0.038608328545251265,0.05071189977238235,0.06079017281396477,0.070190900208829,0.07846767672850505,0.09262202890423941,0.10288589543953311,0.12761990743865562,0.1359413586669315,0.14738740048487414,0.1559966957520969,0.16737774630047378,0.18504298807301253,0.20429015479136345,0.23305833802556739,0.26668997176531567,0.33159917635466934,0.38819429402979433,0.44882422512096537,0.5036661376437388,0.5339438487060497,0.5732313587022674,0.6125345621954915,0.6596533508430842,0.7034288399560625,0.7438396235022718,0.7884467114050183,0.8265364037404633,0.8600646143956028,0.8796744568073973,0.8984169811100969,0.9138901269775795,0.9319714764557641,0.9716877173267383,0.9869515697084914,0.9933601012251005,0.9960287209653613,0.9976160964620475,0.9990911126544328,1,1,1,1,1,1,1,1,1,1,1,1,1,1,1,1,1,1,1,1.0000000000000002
0.81,0,0,0,0,0,0,0,0,0,0,0,3.685990939829799e-5,1.5589981268955097e-4,3.690016551846949e-4,0.0010580682201043376,0.002637980359907991,0.0037813340460328,0.0044022846996781325,0.006886160797653428,0.013140632781352286,0.021646996983212763,0.035393915688719337,0.048731614958031785,0.059695679194965566,0.06805135771017776,0.07709936161908537,0.08777679908546793,0.10037701581802908,0.12004461298254891,0.1340964206794718,0.1425328766142313,0.15197524353403166,0.16348451621501509,0.180787334693594,0.19757962889007413,0.2243403128947195,0.25277673777475773,0.30901211270233747,0.3556802724237723,0.4212132360103928,0.47515696739860663,0.523245832694427,0.5521437939922315,0.5907033838777037,0.6301220425625658,0.6774534506181975,0.7209196545158424,0.761789712469256,0.8049710979268271,0.8381347606594421,0.8683134288864105,0.8865170451473603,0.9039669677958644,0.9197851533422392,0.9434589916622739,0.9822365812181953,0.9916540724116739,0.994309091334191,0.9962082089475133,0.9981544038569249,0.999503316155408,1,1,1,1,1,1,1,1,1,1,1,1,1,1,1,1,1,1,1,1.0000000000000002
0.82,0,0,0,0,0,0,0,0,0,0,0,9.840065437793017e-5,1.5589981268955097e-4,6.622035920305998e-4,0.002464636228477458,0.0032736724213685052,0.0042765865619077215,0.006730593257701801,0.012979723318152505,0.021674077211353525,0.034722507502862224,0.04694590139117679,0.05809030026675818,0.06441093925432623,0.0761845892121407,0.08696582037503209,0.09826512863494961,0.11207921116253905,0.1322144534513147,0.13969051657119866,0.15035682609579096,0.15868764485933215,0.1762271757143798,0.19273229361231908,0.21233386754482758,0.24524175375263546,0.2815003868772894,0.3359541824776572,0.39261584415841166,0.4503262033290751,0.5024041849546865,0.5372596526716008,0.5702478817884525,0.6106495310292991,0.6493359628375435,0.6975237910954523,0.7353443073689473,0.7811745391439426,0.8188998017692796,0.8515388697473169,0.8754303882447836,0.8945067987251437,0.9112820128249226,0.9255339605326315,0.9606688408677679,0.9856354405885067,0.9933601012251005,0.9951045650485004,0.9964736437462313,0.99870397657559,0.999503316155408,1,1,1,1,1,1,1,1,1,1,1,1,1,1,1,1,1,1,1,1.0000000000000002
0.83,0,0,0,0,0,0,0,0,0,0,3.685990939829799e-5,1.313212148737317e-4,4.225135406412341e-4,0.0018572800027154362,0.003035627759017895,0.00418971641052177,0.006210206226161073,0.012409319654763778,0.02053298234086056,0.03453137719516227,0.04560215529478241,0.057035337518781364,0.06649256405881328,0.07547391852939568,0.08518830180406915,0.09448719718955036,0.10873842923290052,0.12907805759466118,0.13689990161723725,0.14693871407626108,0.15599512065152193,0.17163700356112666,0.18544164187512674,0.20584746599512796,0.2347688205716543,0.2597295064766441,0.32029428335681054,0.36124473853308087,0.42404079713686715,0.47471633860388823,0.5238554701003322,0.5548380786065666,0.5895274291241003,0.6205470540913115,0.6695544202775879,0.7128245257511148,0.7507207554798341,0.7970258912604367,0.8287486085360241,0.8627969186789888,0.8834874142722758,0.8996644192313762,0.9184237904008745,0.93799465785949665,0.9800078266843418,0.9869515697084914,0.9933601012251005,0.9955514175671946,0.9969942576178142,0.99870397657559,0.999503316155408,1,1,1,1,1,1,1,1,1,1,1,1,1,1,1,1,1,1,1,1.0000000000000002
0.84,0,0,0,0,0,0,0,0,0,0,9.840065437793017e-5,3.0347363734998124e-4,0.0018929705676706573,0.00281385807096519,0.004005541465807001,0.005792124053668876,0.010675504533628288,0.02010517799585393,0.03642290365439503,0.044350726705717824,0.055798484201163,0.06688416665003712,0.07210100518701393,0.0830164521715152,0.09328761273239235,0.10827349979929128,0.12412840148320672,0.13508977239400521,0.14326598209664648,0.1534582182974763,0.16806086710034263,0.1827593574185189,0.20149418832936336,0.22734720864669755,0.2523409876384125,0.30275349050434475,0.3443987375604035,0.39941404852842055,0.45016176027310467,0.5031219643570649,0.5385404810081114,0.569743070041502,0.6065129526974037,0.6423787148435554,0.6895444817444022,0.7303181262900049,0.7708997299728086,0.8117823280271487,0.8393710324997691,0.8701441654092541,0.8903833643359774,0.908307583953356,0.9238372161862857,0.9533701858304937,0.9832013255279657,0.9916540724116739,0.9937479146291399,0.9962082089475132,0.9981544038569249,0.9995033161554079,1,1,1,1,1,1,1,1,1,1,1,1,1,1,1,1,1,1,1,1,1.0000000000000002
0.85,0,0,0,0,0,0,0,0,0,8.095314070677603e-5,1.9890037787908833e-4,0.0016478267704771055,0.0023149377752524213,0.003703141324994926,0.0050739516748792065,0.010452884994149739,0.020733949838561153,0.03553767476675399,0.04489082006656155,0.056139338521529365,0.06650552908545264,0.07250120533533153,0.08176525042249284,0.09448106292361937,0.10456246060691032,0.12032232270298913,0.13306448698817722,0.13927475391801158,0.15042995485250565,0.16054646162346048,0.17758682936810227,0.19463682982721361,0.21508368324048818,0.24656313214289327,0.2810988895873218,0.3272437101617367,0.37194977380629207,0.4303082437319959,0.48180074801366546,0.527297125560302,0.5548464045945958,0.5899090507534658,0.6209484810928153,0.6645431339631089,0.7070616928172659,0.7447166510041605,0.786274168472617,0.8230272745501838,0.8518591870565354,0.8802401351690611,0.8991619621479626,0.9155968427009933,0.931320237864085,0.9664038555446062,0.9856354405885067,0.9933601012251005,0.9951045650485004,0.9962082089475132,0.998315300540404,0.9995033161554079,1,1,1,1,1,1,1,1,1,1,1,1,1,1,1,1,1,1,1,1,1.0000000000000002
0.86,0,0,0,0,0,0,0,0,4.4093231308478034e-5,1.9890037787908833e-4,0.001208172429461262,0.002307666114180173,0.0035790374573805126,0.005191684851729972,0.010340442621664371,0.022193253364358935,0.03555617660738202,0.04436379077519252,0.0545108091292932,0.06593410304440876,0.07302207480132829,0.08281130251021901,0.09312160096570724,0.10204782052630557,0.11808231562506863,0.1302123185095155,0.13904342499888322,0.1484059953426992,0.1569582611063457,0.17369580378446248,0.18966152801126576,0.20639324952660865,0.23726024628962683,0.26122171139335665,0.31581206469915063,0.35261419059035165,0.40377686625567977,0.45472572121922394,0.5046209712801144,0.5400673796715653,0.5704483668516972,0.6068468804091565,0.6388503489787082,0.6816456750489046,0.7214560257830354,0.7656572073921765,0.803494251039453,0.835493256291554,0.865528299627555,0.8873307938622556,0.9059873617635985,0.9213865929215441,0.944822514376435,0.9816417363389882,0.9884839125329591,0.9933601012251005,0.9951045650485004,0.9967906798621629,0.99870397657559,0.9995033161554079,1,1,1,1,1,1,1,1,1,1,1,1,1,1,1,1,1,1,1,1,1.0000000000000002
0.87,0,0,0,0,0,0,0,4.4093231308478034e-5,8.095314070677602e-5,8.677398398776402e-4,0.0021707441867143277,0.003126191249683073,0.004423377628675928,0.010670095516846513,0.024856412968955147,0.03531395617129616,0.04632057687812552,0.05417301874696211,0.0658576196110131,0.07296110275391933,0.0818283822426983,0.09178186450667915,0.09948256955684073,0.11524888541186767,0.12759611798859236,0.13724472723580783,0.14557636390147316,0.15488909013967042,0.17012653003368866,0.18318118724410323,0.2012435141080415,0.22943015295734576,0.25575609003372,0.3042469797829866,0.3334239607226019,0.37979452228327365,0.43491939379676064,0.4850113557083621,0.5318255780524859,0.5577062728549729,0.5879138424202802,0.6158298451245457,0.6574306570917676,0.7013362980751766,0.7398406156686673,0.7836552011421646,0.8194604992348047,0.8466143960754807,0.8759623537032689,0.894245689861879,0.9139183414059315,0.9280841186519622,0.9632657951293329,0.9834919044271401,0.9926426445106694,0.9933601012251005,0.9962082089475132,0.9973209679823076,0.99870397657559,1,1,1,1,1,1,1,1,1,1,1,1,1,1,1,1,1,1,1,1,1,1.0000000000000002
0.88,0,0,0,0,0,4.4093231308478034e-5,4.4093231308478034e-5,4.4093231308478034e-5,8.24563553528624e-4,0.0021237563486697086,0.002864785257912306,0.004357034903647267,0.01186044982073663,0.026127174080492567,0.034962635259685196,0.04673305833802561,0.05609422610749591,0.06676181360415714,0.07284423859807544,0.08067198046174966,0.09160212412504358,0.10161222055167841,0.11201697072785168,0.12481790894849014,0.13486556816916118,0.14312934771289615,0.15256011384124074,0.16801698792935568,0.17838241809989794,0.19778993516866847,0.21919791303582806,0.25078728351081253,0.289215366875461,0.32536535959453466,0.3589287783801733,0.4157295281510505,0.46004987107082934,0.5087470670461144,0.5417550983401742,0.5714981474229345,0.6065327580695421,0.6368904126746253,0.6789065847338325,0.7135961684812687,0.7557962247465451,0.7973934743666248,0.8353303659716474,0.8568049868872718,0.8869963709363261,0.9021207901754978,0.9187651495202082,0.9428205839101669,0.977907703234157,0.9856354405885067,0.9933601012251005,0.9951045650485004,0.9962082089475132,0.998315300540404,0.999503316155408,1,1,1,1,1,1,1,1,1,1,1,1,1,1,1,1,1,1,1,1,1,1.0000000000000002
0.89,0,0,0,0,4.4093231308478034e-5,4.4093231308478034e-5,4.4093231308478034e-5,0.0010243457321352785,0.0020423814771801836,0.002768304756567953,0.004725455081540596,0.012857430975945808,0.025449877638327827,0.036015006919292256,0.049395400040497695,0.057414802570280477,0.06626203067729784,0.07304903042719232,0.08027804237656984,0.090594031002695,0.10097378724013004,0.1110168010323305,0.1240626306506789,0.13330783523461393,0.14184657685884092,0.15016777888256336,0.1647861211824362,0.17634268841476078,0.19466634459214568,0.21160450971550454,0.24524778897573102,0.2738217044808058,0.31834913957942557,0.3482978463173793,0.3950890875287734,0.44403078192535733,0.4911514236324498,0.5325924699214736,0.558313817581615,0.5926197477240962,0.6151650919782377,0.655875272430897,0.6965791397015358,0.7323764376890245,0.7772018639248185,0.8173239823350267,0.8434830993273823,0.8712964553150709,0.8934902358429083,0.9120146262880913,0.9282654788631951,0.9614064512017261,0.9831280529993932,0.989787942452381,0.9933601012251005,0.9951045650485004,0.9962082089475132,0.998315300540404,0.999503316155408,1,1,1,1,1,1,1,1,1,1,1,1,1,1,1,1,1,1,1,1,1,1.0000000000000002
0.9,0,0,0,4.4093231308478034e-5,4.4093231308478034e-5,4.4093231308478034e-5,4.099989991561746e-4,0.001854101047193957,0.0026479549319060403,0.005032586913937908,0.01336946965494621,0.02620596744840284,0.03655910352764192,0.0482617365775856,0.05658869267054844,0.06749671783225936,0.07319431348691918,0.07971849189097654,0.0909768603156656,0.09967294266608985,0.10927892834987613,0.12130880531765201,0.12982231018844767,0.14034248360695709,0.14786359204734087,0.16136056497560478,0.17369897315519345,0.19011476400044422,0.2058776804497678,0.2379643513908677,0.2690813865841034,0.3092106840024088,0.3356219544687561,0.37490818649290486,0.4287105038818306,0.4674744990098688,0.5154706634067387,0.5481827738783761,0.5735685420478657,0.6055292592567814,0.6381571481741456,0.6789170641047978,0.7126864504538567,0.7535109902371049,0.7961331478970303,0.8311051474970506,0.8544556013749013,0.8880152181936348,0.9058837661527603,0.9196800497243597,0.9443447061793011,0.9747518183034521,0.9853222288039915,0.9933601012251005,0.9937479146291399,0.9962082089475132,0.9974818646657868,0.9990911126544328,1,1,1,1,1,1,1,1,1,1,1,1,1,1,1,1,1,1,1,1,1,1,1.0000000000000002
0.91,0,0,4.4093231308478034e-5,4.4093231308478034e-5,4.4093231308478034e-5,6.21909132697035e-4,0.001836653533522803,0.0025995006209123166,0.004945042632285593,0.014915135338232542,0.028172022043765798,0.03737613024089399,0.04820109041305422,0.05667537751598439,0.06718370413341476,0.07247184392704771,0.08013749739828856,0.09101510682475869,0.09883108176060817,0.10795814741156054,0.11993777132265566,0.1270453088319506,0.1391957081506177,0.14564892076568703,0.1588484904239284,0.17342282895053768,0.18660189035200273,0.19983901641442006,0.23275124772726233,0.26355902645953616,0.29904085704180783,0.32817342845202757,0.36149497185403895,0.41721666590850975,0.4543977137130806,0.49976402565240097,0.5365024925599181,0.5626823765983939,0.5963696085130012,0.6208196615082665,0.6589721853404807,0.6943889224154212,0.7282215747717528,0.780281179159013,0.8166178292835453,0.8436075770018269,0.8720792675211074,0.8938730971051806,0.914498492801276,0.9370752975328245,0.9681202614912325,0.98302417942963,0.9897879424523811,0.9933601012251005,0.9951045650485004,0.9962082089475132,0.9980201720606642,0.999503316155408,1,1,1,1,1,1,1,1,1,1,1,1,1,1,1,1,1,1,1,1,1,1,1.0000000000000002
0.92,0,4.4093231308478034e-5,4.4093231308478034e-5,4.4093231308478034e-5,2.598404759863204e-4,0.0017997936241245047,0.0024548341827087166,0.004360983837340281,0.015726810543445942,0.028561567099958645,0.037390916377731585,0.04830840172768281,0.05731333158800692,0.06716844834184184,0.07224986017867346,0.07875756552276224,0.09228984562436067,0.09943459768030304,0.10902249366945352,0.11987818587494149,0.12599155376757892,0.13680498663167734,0.1438922618938193,0.15623580432619483,0.170552957363791,0.17884511108238652,0.19583411073971735,0.22160917795577656,0.25738276317152603,0.2906851146279922,0.32270564412466424,0.3557875326195181,0.4053353723633287,0.4394345521844974,0.4775111293315849,0.5247938945753426,0.554086851480214,0.578454868253444,0.6087570077518526,0.6415069877308227,0.6806116199239756,0.7159258732237778,0.7614376982577975,0.7998840438433111,0.8340584163460859,0.8572057014193472,0.889618370255512,0.9106728354889624,0.9290868922155737,0.961297647854707,0.9783428878678617,0.985248956275419,0.9926426445106694,0.9947167516444609,0.9955514175671946,0.996738497067658,0.9987024366192468,0.999503316155408,1,1,1,1,1,1,1,1,1,1,1,1,1,1,1,1,1,1,1,1,1,1,1.0000000000000002
0.93,4.4093231308478034e-5,4.4093231308478034e-5,4.4093231308478034e-5,2.598404759863204e-4,0.0015738545521968947,0.0024548341827087166,0.005825185191092262,0.016004373297098237,0.029672073708981617,0.03687920677653894,0.04721431066988533,0.05698584485548163,0.0664217644061942,0.07289947574582503,0.0796463503676851,0.09186072496812304,0.10091843507489423,0.10968402632614793,0.11968534627959934,0.1257424003330191,0.13514913100167714,0.143259132166357,0.15107860235581502,0.16784094088699936,0.17712682332188862,0.1933514742746489,0.21445046724991124,0.24753225031206946,0.2799353695019492,0.3168489153879805,0.3488174026670753,0.39808631861698013,0.43171732934534485,0.4725205557494133,0.515369949622916,0.5417841178909296,0.5681482375777935,0.5980617457700386,0.6270205545129752,0.6645730129500808,0.7040891840987328,0.7427861112525933,0.7855732998356407,0.8196923010035986,0.8475344560918606,0.8769418969295975,0.9032681151598269,0.9228601809801423,0.9548090290234678,0.9741109632348331,0.9845576500644485,0.9906155220199924,0.99415557493941,0.9951045650485004,0.9962082089475132,0.9974818646657868,0.9990911126544328,1,1,1,1,1,1,1,1,1,1,1,1,1,1,1,1,1,1,1,1,1,1,1,1.0000000000000002
0.94,4.4093231308478034e-5,4.4093231308478034e-5,1.8538582325008598e-4,0.0015738545521968947,0.002597152347235646,0.006413464488795235,0.01692026392960323,0.029629581137689483,0.0372321219583059,0.04905837005154762,0.0595678628184909,0.06652627376706165,0.07426318696086638,0.08258012694773882,0.09258483672210309,0.1015396828570456,0.11068466887133462,0.11957212114922175,0.1262939762729022,0.13275938074150917,0.14289835106650572,0.15429326122197012,0.16739044934283892,0.17612974312384408,0.19324916302574005,0.21045482367777815,0.24513539452719824,0.2725164445132674,0.31534127256867517,0.34649760220810055,0.39670307359886514,0.42814582872824086,0.4621608700633209,0.5062542419487264,0.5334405385762802,0.5609143821142747,0.5877967450345337,0.6167358921771897,0.6534491446957867,0.6915826011847325,0.7250280503686876,0.7765904437478773,0.8089702846765213,0.8382555961134902,0.8662727503070121,0.8958252601441542,0.918975002118718,0.9471298769722488,0.9726202024265584,0.9804454011258155,0.9894014581392934,0.9931763895452608,0.9947167516444609,0.9957309055493465,0.9968519554279383,0.9987024366192468,0.999503316155408,1,1,1,1,1,1,1,1,1,1,1,1,1,1,1,1,1,1,1,1,1,1,1,1.0000000000000002
0.95,4.4093231308478034e-5,1.8538582325008598e-4,0.001573854552196895,0.002694744684279974,0.005401086965085546,0.018964185363126482,0.029851072866817194,0.03943936502730905,0.049872799286569576,0.0606693213852658,0.06754569291687118,0.07490589828391553,0.08523983602774891,0.09624520751688088,0.10412262095994448,0.11145953528603247,0.1193046128408218,0.12693571633717896,0.13293230314215695,0.14249810938409588,0.15644124153120653,0.1669419354604552,0.17993370686028742,0.19341751348131123,0.2088952632431723,0.24114371586340902,0.2702965463258516,0.31380939300908245,0.34705712393932225,0.3962697324398698,0.426772449654498,0.4613030504816284,0.502871846053593,0.5321571127615395,0.555925086504172,0.5829633652117715,0.6109991138988963,0.6462183020514205,0.6794659690830569,0.7192195714674665,0.7681916017260367,0.8010056656144037,0.8279769690008003,0.8602496008525813,0.8923543295390152,0.9177637338019197,0.945387026588586,0.9699194512735545,0.9768663029647617,0.9855659029333057,0.9928631777607455,0.9947167516444609,0.9955514175671946,0.9965349193120067,0.9987024366192468,0.9990911126544328,0.999503316155408,1,1,1,1,1,1,1,1,1,1,1,1,1,1,1,1,1,1,1,1,1,1,1,1.0000000000000002
0.96,4.8389134418207706e-4,0.0016525137330399302,0.002856059903611643,0.007482091953119161,0.021727333502396275,0.031359482469363854,0.040154914368427226,0.051317543515572,0.06253534271693276,0.06800046566746254,0.07655029050445736,0.08689572999691118,0.0988679033308444,0.10694942169303782,0.11411803029257707,0.12011105155548274,0.12772337525228686,0.13291079806716694,0.142455102429046,0.1594236673129946,0.16925075174949739,0.18401087227069798,0.1978980963347229,0.2115711067205527,0.23927682231580502,0.26861349225529424,0.3129128189243995,0.3468436578747875,0.39551063300557243,0.4336004595280847,0.4664039290280001,0.5041461471477614,0.532662978835447,0.5547567324894487,0.5810042276402316,0.6066502132874678,0.6427446238063332,0.6748914329180671,0.716034104678296,0.7633580206226737,0.7969244873716967,0.8251484462003441,0.8554342723852927,0.8893689420569574,0.9228794272395006,0.9489527667465891,0.9684032077022252,0.97802745560687665,0.9855659029333057,0.9921522866278185,0.9939718632595702,0.9955514175671946,0.9964373237800321,0.9987024366192468,0.9990911126544328,0.999503316155408,1,1,1,1,1,1,1,1,1,1,1,1,1,1,1,1,1,1,1,1,1,1,1,1,1.0000000000000002
0.97,0.0019208623080751944,0.0038697761030635435,0.01132492201510918,0.028828628118134456,0.034305607454533794,0.04453279619144902,0.055143858983501194,0.06624049365300609,0.07239545314662704,0.08335270898736347,0.09334373168086942,0.10342473638774918,0.10888672191684971,0.11604474571272799,0.12173527098691642,0.12990789278297415,0.13847422582416946,0.14959611322175648,0.1647568971561498,0.17997909084338554,0.1919790409002371,0.20407433406329165,0.22065638907471122,0.24759518404660424,0.2751525973731168,0.31672835789285736,0.3561975092541631,0.3981575623648932,0.440451377051007,0.47676247412402095,0.5115809094053075,0.5381902240082478,0.5576881160668035,0.5810416242978989,0.6087484261694097,0.6461941515742478,0.6794758957311023,0.7249595127266305,0.7659974387011592,0.7997732628345154,0.8256319158137434,0.8590007186228641,0.8942202965568692,0.9311364622856417,0.9562739811858103,0.9672626655546521,0.9786877741901056,0.9848185288927408,0.9920031760417453,0.9939718632595702,0.9951045650485004,0.996824459858875,0.9979809766573099,0.9990911126544328,0.999503316155408,0.999503316155408,1,1,1,1,1,1,1,1,1,1,1,1,1,1,1,1,1,1,1,1,1,1,1,1,1.0000000000000002
0.98,0.008442420869391242,0.02422679446975225,0.032665902196554776,0.040149907912847164,0.05384192174334207,0.06288325144311967,0.07382366680691778,0.08085192851384641,0.09382552395592826,0.10226424190124976,0.10861845002013859,0.11329156256066572,0.1187540401090128,0.12624502994266193,0.13376493708930093,0.14678749483627393,0.16158577560345308,0.17700637125946103,0.18988729775189425,0.20172250123440905,0.21876771249319218,0.24337169402923067,0.26329725624572575,0.29390974806614545,0.3412001619727359,0.38808219031990726,0.4301752611534326,0.46771727536380464,0.49763888270403644,0.5331176142040409,0.549927276040938,0.5718936829732004,0.5953743941541774,0.6244889014292028,0.6598599446128183,0.7017413225680544,0.7438730201073633,0.7798444833233368,0.8096615493533995,0.8347962950541785,0.8749927307351254,0.9130395183532861,0.9438798566189461,0.9623690836626524,0.9720108940984612,0.9809124232386877,0.9871299618295942,0.9917907227700751,0.9935853789464825,0.9955131678631712,0.996824459858875,0.9984073081395071,0.9990911126544328,0.999503316155408,0.999503316155408,1,1,1,1,1,1,1,1,1,1,1,1,1,1,1,1,1,1,1,1,1,1,1,1,1,1.0000000000000002
0.99,0.03686863155766849,0.04999071457444017,0.061517489082907675,0.06861113503581327,0.07955969108169052,0.08951988589396355,0.09952254452315706,0.10393503702473583,0.1087996409000724,0.11402973520233425,0.12250159735326362,0.1314737600097402,0.13862704891910305,0.15664024095192097,0.17414417389498832,0.19108757870382984,0.20739442243020392,0.21913148404768476,0.24048920566323342,0.26799716147067815,0.3065709751852776,0.35350521827625553,0.41677844928607144,0.4468921677775663,0.468248611421046,0.49812579006230123,0.523258919128413,0.547139725025012,0.5625524867122375,0.5911423097746402,0.6112836959141372,0.6358722139881416,0.6698403122141995,0.7087764661545743,0.7561452804526638,0.7887839842086615,0.812186470719299,0.8351919008929083,0.873852757285123,0.9127266420364388,0.9418831658381606,0.9619745992444132,0.9722339193940716,0.9791144635044821,0.9847377514731935,0.9898639530361112,0.992019837602594,0.9957409152655764,0.9974426692624325,0.9984073081395071,0.999503316155408,1,1,1,1,1,1,1,1,1,1,1,1,1,1,1,1,1,1,1,1,1,1,1,1,1,1,1,1,1,1.0000000000000002
1,1,1.0000000000000002,1.0000000000000002,1,1,1.0000000000000002,1,1,1,1,1.0000000000000002,1,1.0000000000000002,1,1,1,1,1,1.0000000000000002,1,1,1,1,1,1,1,1,1,1,1,1,1,1,1,1,1,1,1,1,1,1,1,1,1,1,1,1,1,1,1,1,1,1,1,1,1,1,1,1,1,1,1,1,1,1,1,1,1,1,1,1,1,1,1,1,1,1,1,1,1,1.0000000000000002
