loc_level,region_prov_name,year_1990_utci_23,year_1990_utci_26,year_1990_utci_29,year_2020_utci_23,year_2020_utci_26,year_2020_utci_29,cdf_percpoint_chg_utci_23,cdf_percpoint_chg_utci_26,cdf_percpoint_chg_utci_29,cdf_percent_chg_utci_23,cdf_percent_chg_utci_26,cdf_percent_chg_utci_29
region,Central,0.30204441642489305,0.21519809956523975,0.1376476682364343,0.3346214214165777,0.2456480579973134,0.16448244410322344,0.032577004991684644,0.030449958432073654,0.026834775866789146,0.10785501476000735,0.14149733893371305,0.19495263676167515
region,Eastern,0.32928778129882436,0.230665679069544,0.14076924560321633,0.3793153027955149,0.28596961833022966,0.18107995357957676,0.05002752149669054,0.055303939260685664,0.04031070797636044,0.15192644348771392,0.23975798863432968,0.28636019042102057
region,Northeastern,0.11903260093816548,0.07562197539746207,0.04019867780213219,0.14090787595323062,0.09192546783958667,0.05195464711708595,0.021875275015065143,0.016303492442124604,0.011755969314953763,0.183775493794585,0.2155919936821931,0.2924466663510562
region,Western,0.23740010928620364,0.15623646788837608,0.09184221989504118,0.2616440559253368,0.1807505272337592,0.10703146394996955,0.02424394663913315,0.024514059345383116,0.015189244054928372,0.10212272737374882,0.15690356852471413,0.16538411280004875
province,Anhui,0.3021353946684285,0.22000857321982312,0.1393484145445211,0.3297619741654244,0.2384379951682699,0.16056627417843333,0.02762657949699593,0.018429421948446795,0.021217859633912234,0.0914377460718036,0.08376683544069398,0.15226480834579742
province,Beijing,0.18572545050092584,0.12194551196108196,0.070500417704847,0.23352779884854025,0.16445409843399117,0.11012331556184392,0.047802348347614404,0.04250858647290921,0.03962289785699692,0.2573817870339537,0.3485867236055028,0.5620235900286417
province,Fujian,0.39821228023504623,0.2596306716736996,0.15335447765140667,0.46405213152116725,0.33088648839047596,0.19811910812458192,0.06583985128612102,0.07125581671677639,0.04476463047317525,0.16533857581503716,0.2744506889630119,0.2919029894577365
province,Gansu,0.1072279124410704,0.0630322465200514,0.02780519722641859,0.11326219779096144,0.06932204602504174,0.03373359812636367,0.006034285349891047,0.00628979950499034,0.005928400899945084,0.05627532246519608,0.09978701144642639,0.21321197082940754
province,Guangdong,0.5186811623379209,0.3782296500892072,0.22003681041432657,0.5722279476250228,0.46325709205998983,0.2853379491411686,0.053546785287101883,0.0850274419707826,0.06530113872684204,0.10323641800628212,0.22480374542484569,0.2967737016541951
province,Guangxi,0.4689013845831501,0.32600419533116587,0.19844775824283953,0.5105726341733884,0.3887812164708525,0.2345220755797893,0.04167124959023827,0.06277702113968664,0.03607431733694977,0.08886996490164707,0.1925650713663843,0.18178243814075143
province,Guizhou,0.1826928265366165,0.11227204767508368,0.0608172339738515,0.204929463471601,0.12657475394791176,0.06982541164798302,0.022236636934984483,0.014302706272828078,0.00900817767413152,0.12171598281406888,0.1273932966308786,0.14811883220477615
province,Hainan,0.6252028347109383,0.4620171093611029,0.2736194712884219,0.6609965424270493,0.528029922878267,0.33024741928981816,0.03579370771611101,0.06601281351716409,0.056627948001396256,0.05725135224740333,0.14287958644745744,0.2069587655247854
province,Hebei,0.23858529082329763,0.1678558228951697,0.10941904564314955,0.2557178335777174,0.18514671623651485,0.12857034144652246,0.01713254275441975,0.017290893341345148,0.01915129580337291,0.0718088809888475,0.10301038738551094,0.1750270776975281
province,Heilongjiang,0.10079548103739935,0.06300276742599535,0.03101836920006463,0.11831589709695656,0.07658359828284361,0.04267910911709868,0.017520416059557203,0.013580830856848261,0.01166073991703405,0.17382144396985807,0.2155592748017085,0.37593014132444313
province,Henan,0.2745220683705858,0.1955981718511732,0.12711532333271858,0.30089143114068034,0.21657643083952047,0.14975201421430137,0.02636936277009455,0.020978258988347265,0.022636690881582794,0.09605552998565396,0.10725181523838172,0.17807995360506054
province,Hubei,0.31029440507756456,0.22424023776773452,0.1440166337815725,0.3460769148286433,0.2560636997850066,0.1711126380147957,0.03578250975107872,0.03182346201727207,0.027096004233223198,0.11531793408306583,0.14191682248497456,0.18814496299308892
province,Hunan,0.3486949007104461,0.24337809721813808,0.15625557501903384,0.3875340617332965,0.288062731763271,0.1895651090619356,0.0388391610228504,0.04468463454513294,0.03330953404290177,0.11138436766272695,0.1836017088468007,0.21317341182126948
province,Jiangsu,0.2777955408476143,0.1948115075093012,0.12099710322244817,0.30502310953998013,0.21679290376909827,0.14178130067959183,0.02722756869236581,0.02198139625979706,0.02078419745714366,0.09801297965146814,0.11283417771790286,0.17177433924953373
province,Jiangxi,0.3802678052036731,0.2734549197098282,0.17643432050731195,0.4292821216228619,0.3270769738161208,0.21653863930483327,0.0490143164191888,0.05362205410629256,0.04010431879752133,0.12889420494836926,0.19609101991360273,0.22730452149109667
province,Jilin,0.10991554274281808,0.06923291380419153,0.03580743820206916,0.13025171379024486,0.08603288554407669,0.04983284946567133,0.020336171047426785,0.016799971739885164,0.014025411263602176,0.18501633654313696,0.24265874158351622,0.3916898825448984
province,Liaoning,0.1440859438883834,0.0930143535077654,0.05267066665252661,0.16216280389677315,0.1056351625131511,0.05946694280548841,0.01807686000838976,0.012620809005385702,0.0067962761529618,0.1254588721186645,0.13568668199507555,0.1290334181224149
province,Neimenggu,0.1010875020723639,0.0639978719051707,0.03336300959628239,0.120183580166539,0.08165611190269366,0.04625032748993041,0.0190960780941751,0.01765823999752296,0.012887317893648019,0.1889064197125486,0.275919174682686,0.38627564028528294
province,Ningxia,0.12448865606356316,0.08252939655244401,0.04639368750533368,0.14315448976630207,0.10077787835945087,0.06156728792235766,0.018665833702738915,0.01824848180700686,0.01517360041702398,0.14994003705211706,0.22111493079209305,0.3270617455290558
province,Qinghai,0.04589981668921302,0.01400541989846629,0.00134361326768002,0.04165104554916739,0.01283644926839285,0.00156674268563357,-0.004248771140045633,-0.0011689706300734414,2.231294179535499e-4,-0.09256618972607232,-0.08346558964658056,0.16606669740528932
province,Shaanxi,0.18770296156354305,0.12814339910203035,0.07971100202472595,0.198718172154579,0.13585474969832778,0.0875815056778276,0.01101521059103594,0.007711350596297434,0.007870503653101657,0.05868426634977181,0.06017750933981002,0.09873798413248233
province,Shandong,0.24937664523259667,0.17375964173070305,0.1127547475232393,0.2606083735354395,0.18633796536461739,0.1264763664668702,0.011231728302842803,0.01257832363391434,0.013721618943630887,0.04503921484855501,0.0723892125273171,0.12169437868505531
province,Shanghai,0.2621127110285553,0.16531733949714136,0.0994753495726533,0.3022489426172667,0.20775835089988665,0.11765701165764723,0.04013623158871138,0.04244101140274528,0.01818166208499393,0.15312584968204315,0.2567245004779379,0.1827755535728445
province,Shanxi,0.15778272715039174,0.10389380881319032,0.05837426012764712,0.17103797187204023,0.11728242102703625,0.07066737631611374,0.01325524472164849,0.013388612213845921,0.012293116188466617,0.08400947911753458,0.12886823927997246,0.21059138328409188
province,Sichuan_Chongqing,0.2778717955380778,0.1846405435670109,0.11701109802000571,NA,NA,NA,NA,NA,NA,NA,NA,NA
province,Tianjin,0.22969089723790864,0.15962999055881624,0.10091252956506502,0.2520350570620199,0.18192934998082813,0.12517499527082304,0.022344159824111254,0.02229935942201189,0.02426246570575802,0.09727925700498126,0.13969404711450892,0.2404306562359473
province,Xinjiang,0.15425839645562406,0.1062769059406511,0.0673698165451086,0.18297858794654712,0.13479037899146012,0.09246317662447,0.028720191490923058,0.02851347305080902,0.0250933600793614,0.18618235474258332,0.2682941585327294,0.37247184816897516
province,Xizang,0.0130782674387181,9.927579770537057e-4,1.1631595768047537e-5,0.01374308597435861,0.00103111612955532,2.9989253731805332e-5,6.648185356405104e-4,3.8358152501614257e-5,1.8357657963757795e-5,0.05083383856123945,0.03863796956379347,1.5782579045763456
province,Yunnan,0.1911843391915207,0.11017969336355912,0.04590729093437126,0.219108366549985,0.13289084022918948,0.06024440330602444,0.027924027358464304,0.02271114686563036,0.01433711237165318,0.1460581315213855,0.2061282453445442,0.3123057814966563
province,Zhejiang,0.3338445081980089,0.22554878445360388,0.1341134929453403,0.3652166341264652,0.26237329156751876,0.155712020922048,0.031372125928456285,0.036824507113914884,0.021598527976707693,0.0939722689997013,0.16326626278710807,0.16104664416957998
province,Sichuan,NA,NA,NA,0.29951106828283375,0.2023308070460442,0.12475977244404532,NA,NA,NA,NA,NA,NA
