stats,year,utci_thres,shrtime_4,shrtime_8,shrtime_12,shrtime_16,shrtime_20,shrtime_24,shrtime_28,shrtime_32,shrtime_36
cdf_comp,1990,40,0,0,0,0,0,0,0,0,0
cdf_comp,1990,39,0,0,0,0,0,0,0,0,0
cdf_comp,1990,38,5.054667076358488e-4,0,0,0,0,0,0,0,0
cdf_comp,1990,37,0.026623455363882775,0,0,0,0,0,0,0,0
cdf_comp,1990,36,0.1503569347234167,8.651168022060229e-4,0,0,0,0,0,0,0
cdf_comp,1990,35,0.350141337001471,0.014906723087088847,3.8781340403937214e-4,0,0,0,0,0,0
cdf_comp,1990,34,0.5658820640217617,0.07556939262773565,0.006345805452535602,0,0,0,0,0,0
cdf_comp,1990,33,0.6505257516387932,0.2101779286645319,0.03927955142515838,0.0018897053490344318,0,0,0,0,0
cdf_comp,1990,32,0.7096455542549847,0.42536545672041204,0.0806054684054216,0.01413230715754521,0.0018897053490344318,0,0,0,0
cdf_comp,1990,31,0.751237663232417,0.6022079408417529,0.18256759131971456,0.05265145561689577,0.009347950343347233,2.2911483251875087e-4,0,0,0
cdf_comp,1990,30,0.807509102531782,0.677351254386775,0.2939477357858946,0.10667939577966201,0.04200454251337982,0.002364321810926384,0,0,0
cdf_comp,1990,29,0.8509854183834223,0.728902717909845,0.5609727279290823,0.19824258329069522,0.07871772154858281,0.03518515575632841,0.005611166403637569,0,0
cdf_comp,1990,28,0.9158103439097598,0.7677550752216595,0.6633562205990147,0.3381873108709167,0.15592011647079584,0.07366763600209081,0.04044275840737399,0.0126124085860988,0.001207677215284364
cdf_comp,1990,27,0.9510851813560258,0.8177604673053114,0.7204778531817507,0.5863317545330293,0.25898695997556975,0.13495715403748143,0.07962598268783616,0.0551944219484084,0.026220079454973955
cdf_comp,1990,26,0.9714246116321158,0.8610635252886358,0.756407120954938,0.6667553866826226,0.4568991331726322,0.23679232640137626,0.12970096993543223,0.08992115953881885,0.06828306682599639
cdf_comp,1990,25,0.9820409109147205,0.9162055599670086,0.79255022540456,0.7200353681326022,0.624106733466778,0.3628038261180212,0.22539796896883169,0.1330347357984123,0.093810875201088
cdf_comp,1990,24,0.9876854643386591,0.9565857616416082,0.8413924807944599,0.7584902921056285,0.6917157946286874,0.5797845055381976,0.32980606971939563,0.21162919694094628,0.13061513850057427
cdf_comp,1990,23,0.992226875467622,0.9719794815450066,0.8818570382103998,0.7906728365113399,0.7358779693353541,0.6685513783398419,0.47436290903836364,0.3133111340639154,0.1880114552048776
cdf_comp,1990,22,0.9938401682378663,0.9835708447618382,0.9342069179784682,0.8378396737137943,0.7683070505278142,0.7191932867769386,0.6453922496604316,0.4085692135902387,0.29207048427467186
cdf_comp,1990,21,0.9958336449188984,0.9911508964689715,0.9630311914067777,0.8765331120039066,0.8016208462241576,0.7589018789850803,0.6965361742805783,0.5896344433102231,0.3711289355413445
cdf_comp,1990,20,0.9974799732671247,0.9936895847889835,0.9808537739055139,0.917375990686344,0.843455475961112,0.7858311338954787,0.74699173202551294,0.6841034645420229,0.4913884491120757
cdf_comp,1990,19,0.9983333518958777,0.9957049531315565,0.9867817943140633,0.9574544599605376,0.8801882143588302,0.8139621490104825,0.7733406182853151,0.7337674144381565,0.6391652061522624
cdf_comp,1990,18,0.999081198786108,0.9973021434537321,0.9926935173838036,0.9766478016902752,0.9187192639330728,0.8579644653859763,0.8005253046680619,0.7680460470972452,0.7101850469689561
cdf_comp,1990,17,0.9994270979012165,0.9981822221139354,0.9958628625553244,0.9848548232994986,0.9535959332066108,0.8868922034329869,0.8410433963339696,0.7955983996543647,0.7551056565644444
cdf_comp,1990,16,0.9999429545217728,0.9986078315419137,0.9975377599691518,0.9903152656773259,0.9763861305193001,0.9247642507352316,0.8712344001863334,0.8233505216103703,0.7864324996271677
cdf_comp,1990,15,0.9999670794395042,0.9991937849304511,0.9980517858947194,0.9943482356186624,0.9838484330749319,0.9542451749669323,0.894001133931837,0.8532752312277996,0.8143269301629095
cdf_comp,1990,14,1,0.9993953402953034,0.9986078315419137,0.9975425555593405,0.9895619746260819,0.9770447941286998,0.9294431460993707,0.879072400970791,0.8403507067182346
cdf_comp,1990,13,1,0.9999240660945939,0.9990027504706563,0.9980517858947194,0.9936731500681769,0.9839970612265492,0.9583283660156479,0.8975377586911797,0.8602027727610452
cdf_comp,1990,12,1,0.9999429545217728,0.9993189559047431,0.9985152328807286,0.9972095895215697,0.9898751193170635,0.9782194038167006,0.928353499189443,0.8859317594992286
cdf_comp,1990,11,1,1,0.9997008778575448,0.9987613671062756,0.9980517858947194,0.9933790918900448,0.9846104430906162,0.9621084284794721,0.9004327615986619
cdf_comp,1990,10,1,1,0.9999240660945939,0.9991256210952242,0.9984008895247908,0.9964931360152127,0.9890465461261686,0.9796342882283123,0.9291588068988229
cdf_comp,1990,9,1,1,0.9999429545217728,0.9993905574848354,0.9986892447525653,0.997989951216164,0.992980888573085,0.984904050783594,0.9624431453389773
cdf_comp,1990,8,1,1,0.9999670794395042,0.9997008778575448,0.9990027217162848,0.99828983055707,0.9962748871402098,0.9896009048502318,0.9790475616666732
cdf_comp,1990,7,1,1,1,0.9999031808360573,0.9993067768309262,0.9985813775200867,0.9979307108209083,0.993067017500671,0.9856921474041355
cdf_comp,1990,6,1,1,1,0.9999240660945939,0.9994169571928495,0.9989240146114892,0.9982648078639602,0.9954026456437194,0.989785923256512
cdf_comp,1990,5,1,1,1,0.9999670794395042,0.9997563833794288,0.9991766920540291,0.9985813775200867,0.9979325926347798,0.9931828784484407
cdf_comp,1990,4,1,1,1,1,0.9998911135847964,0.9993242243445973,0.9990027217162848,0.9983876720986677,0.9953843674482035
cdf_comp,1990,3,1,1,1,1,0.9999240660945939,0.9994169571928495,0.9991766920540291,0.9985814573933409,0.9982145675870002
cdf_comp,1990,2,1,1,1,1,0.9999670794395042,0.999844758342926,0.9993675635723851,0.9990491121023872,0.9984999866739462
cdf_comp,1990,1,1,1,1,1,1,0.9999031808360573,0.9994351491252508,0.999200567767207,0.9988965989156803
cdf_comp,1990,0,1,1,1,1,1,0.9999481910123253,0.9998911135847964,0.999376515766728,0.9991766920540291
cdf_comp,1990,-1,1,1,1,1,1,0.9999670794395042,0.9999031808360573,0.9994876897519349,0.9992439069949948
cdf_comp,1990,-2,1,1,1,1,1,1,0.9999240660945939,0.9999031808360573,0.9993947076991293
cdf_comp,1990,-3,1,1,1,1,1,1,0.9999670794395042,0.9999167944335218,0.9998307006501677
cdf_comp,1990,-4,1,1,1,1,1,1,1,0.9999240660945939,0.9999031808360573
cdf_comp,1990,-5,1,1,1,1,1,1,1,1,0.9999240660945939
cdf_comp,1990,-6,1,1,1,1,1,1,1,1,0.9999481910123253
cdf_comp,1990,-7,1,1,1,1,1,1,1,1,1
cdf_comp,1990,-8,1,1,1,1,1,1,1,1,1
cdf_comp,1990,-9,1,1,1,1,1,1,1,1,1
cdf_comp,1990,-10,1,1,1,1,1,1,1,1,1
cdf_comp,1990,-11,1,1,1,1,1,1,1,1,1
cdf_comp,1990,-12,1,1,1,1,1,1,1,1,1
cdf_comp,1990,-13,1,1,1,1,1,1,1,1,1
cdf_comp,1990,-14,1,1,1,1,1,1,1,1,1
cdf_comp,1990,-15,1,1,1,1,1,1,1,1,1
cdf_comp,1990,-16,1,1,1,1,1,1,1,1,1
cdf_comp,1990,-17,1,1,1,1,1,1,1,1,1
cdf_comp,1990,-18,1,1,1,1,1,1,1,1,1
cdf_comp,1990,-19,1,1,1,1,1,1,1,1,1
cdf_comp,1990,-20,1,1,1,1,1,1,1,1,1
cdf_comp,1990,-21,1,1,1,1,1,1,1,1,1
cdf_comp,1990,-22,1,1,1,1,1,1,1,1,1
cdf_comp,1990,-23,1,1,1,1,1,1,1,1,1
cdf_comp,1990,-24,1,1,1,1,1,1,1,1,1
cdf_comp,1990,-25,1,1,1,1,1,1,1,1,1
cdf_comp,1990,-26,1,1,1,1,1,1,1,1,1
cdf_comp,1990,-27,1,1,1,1,1,1,1,1,1
cdf_comp,1990,-28,1,1,1,1,1,1,1,1,1
cdf_comp,1990,-29,1,1,1,1,1,1,1,1,1
cdf_comp,1990,-30,1,1,1,1,1,1,1,1,1
cdf_comp,1990,-31,1,1,1,1,1,1,1,1,1
cdf_comp,1990,-32,1,1,1,1,1,1,1,1,1
cdf_comp,1990,-33,1,1,1,1,1,1,1,1,1
cdf_comp,1990,-34,1,1,1,1,1,1,1,1,1
cdf_comp,1990,-35,1,1,1,1,1,1,1,1,1
cdf_comp,1990,-36,1,1,1,1,1,1,1,1,1
cdf_comp,1990,-37,1,1,1,1,1,1,1,1,1
cdf_comp,1990,-38,1,1,1,1,1,1,1,1,1
cdf_comp,1990,-39,1,1,1,1,1,1,1,1,1
cdf_comp,1990,-40,1,1,1,1,1,1,1,1,1
cdf_comp,2020,40,0,0,0,0,0,0,0,0,0
cdf_comp,2020,39,0.003335271168302234,0,0,0,0,0,0,0,0
cdf_comp,2020,38,0.041115494718082624,3.8407533899242896e-4,0,0,0,0,0,0,0
cdf_comp,2020,37,0.15035762194190427,0.002767003350447994,0,0,0,0,0,0,0
cdf_comp,2020,36,0.40833002060747636,0.03843430904744216,0.0014021126899792513,0,0,0,0,0,0
cdf_comp,2020,35,0.5685196021365428,0.13169573280042157,0.007531246605967157,3.8407533899242896e-4,0,0,0,0,0
cdf_comp,2020,34,0.6886248651373417,0.25255360453672593,0.04978963575656481,0.0038620242673191862,0,0,0,0,0
cdf_comp,2020,33,0.7443990995590677,0.47696643604788347,0.15060137047035427,0.019856323928936437,0.0014021126899792513,0,0,0,0
cdf_comp,2020,32,0.7820924824049484,0.6277870506107911,0.2374105612160926,0.08812681769315922,0.008347070206637053,3.8407533899242896e-4,0,0,0
cdf_comp,2020,31,0.828136241229434,0.7204118524891372,0.39117416334441935,0.1655185100121883,0.059776461131952785,0.0073837987453729825,0,0,0
cdf_comp,2020,30,0.8704812022893658,0.7678170437514747,0.5838110280809603,0.24984852824464399,0.1350650084871683,0.05997470314167719,0.010211762296123639,0,0
cdf_comp,2020,29,0.912555166273269,0.7988901247733139,0.6996687953484515,0.36018249498100363,0.21359353733134467,0.12914674190175734,0.07093523883592656,0.03081479752756522,0.0020411817987148195
cdf_comp,2020,28,0.9490560360122453,0.8413717618519307,0.76115982881108,0.5802284739362669,0.28730474201113665,0.1987005692410948,0.13076852795322258,0.09077592854962235,0.06006072542630336
cdf_comp,2020,27,0.9704638301367268,0.8796341065673043,0.7947816800793283,0.6965300731852981,0.4338932864392997,0.2785487149148471,0.19179632808329672,0.1359759612928123,0.11364080987048308
cdf_comp,2020,26,0.9790320460571704,0.9281674607152329,0.8269940448604168,0.7592984505172794,0.6283013990412105,0.3688107443622787,0.26971742132840415,0.19584426591706727,0.14151045342866964
cdf_comp,2020,25,0.9849623161252604,0.9614381419135168,0.8667567607209073,0.7954389389576046,0.7144611500222224,0.5371692173960376,0.35152547254566,0.2634293335396819,0.19848230805404155
cdf_comp,2020,24,0.9877202807569666,0.9733430411766957,0.9078613271345722,0.8250742579087545,0.7728932130704189,0.6739261271976322,0.4863568905318325,0.3404844950629098,0.25140901308777586
cdf_comp,2020,23,0.9905283254268682,0.9816986887382684,0.9487053393416648,0.8603428409688749,0.805054731548208,0.7428486042453044,0.636982516702814,0.4406798878502417,0.32458999039849756
cdf_comp,2020,22,0.9920188113509554,0.9866326898033047,0.9672933942267228,0.9030961009735531,0.8307206247498204,0.7919551848690387,0.7190014272269285,0.5915061511108806,0.404769278941167
cdf_comp,2020,21,0.9939685709025823,0.9900145466804529,0.9764694469321538,0.936240890030639,0.8652975432273013,0.818166000879913,0.7808379660143533,0.6948495976458282,0.5330011845575902
cdf_comp,2020,20,0.9961740423467463,0.9921268828136575,0.9844723317156662,0.9628770674233696,0.9027377416519309,0.8450627084080609,0.8129822696043831,0.7674969696020466,0.6626562530891316
cdf_comp,2020,19,0.9975014662542946,0.9941497183803232,0.9893798705575239,0.974906916040838,0.9359152434088043,0.8860198550441458,0.8351533560453775,0.8023703724969529,0.7408135044251127
cdf_comp,2020,18,0.9984375734170231,0.9959512196758007,0.9921875180533664,0.9827807072195236,0.9594248625954277,0.9143059857516735,0.8712025746892639,0.8323390649107262,0.7927843037710449
cdf_comp,2020,17,0.9990974921579386,0.9971929743423311,0.9946063281333647,0.9875434420159894,0.9739842887249682,0.9407416985646916,0.9041388473652547,0.8607977015513122,0.8267530284080712
cdf_comp,2020,16,0.9998656789426562,0.9979433203892569,0.9958786371194415,0.9920365838871411,0.9823483892738419,0.9614796686679318,0.9232262222562285,0.8888216171425651,0.8533494803711605
cdf_comp,2020,15,0.9999858261015024,0.9987317871221503,0.9970505894480273,0.9947159882923037,0.9871522135320716,0.9745814860593991,0.945986622728357,0.9126808899163813,0.8779074023744557
cdf_comp,2020,14,1,0.9996959371805758,0.9978151695713383,0.995849647424977,0.9916352575536569,0.9830749249365099,0.9646925460362445,0.9275685302576345,0.9029480232510669
cdf_comp,2020,13,1,0.9998656789426562,0.9983288239501189,0.9969912941692858,0.9945794767598454,0.9882197411779537,0.9763723719754754,0.9498424246020813,0.918099495487846
cdf_comp,2020,12,1,0.9999533581251253,0.9988288380076735,0.9976615956017699,0.9961612525396674,0.9915719062852802,0.9849452978186013,0.9687552876304046,0.9326085607490482
cdf_comp,2020,11,1,0.9999858261015024,0.9997708064966699,0.9980924010765391,0.9969578392755494,0.9945674732771664,0.9882131697526102,0.98024410494202,0.9497958950592638
cdf_comp,2020,10,1,1,0.9998656789426562,0.9988288380076735,0.9975278723114446,0.9962086767270829,0.9911229551714212,0.9858367850834839,0.9707577108575416
cdf_comp,2020,9,1,1,0.9999533581251253,0.9990365480050726,0.9979606395853547,0.9969578392755494,0.9943064296237736,0.9890365035536728,0.981791479029338
cdf_comp,2020,8,1,1,1,0.999768367286286,0.9985315391828337,0.9974413926748715,0.9959943471620301,0.9917118599929186,0.9872468974206763
cdf_comp,2020,7,1,1,1,0.9998656789426562,0.9988481149910532,0.9978987285744253,0.9969424377481415,0.9943108065621435,0.9895223677838849
cdf_comp,2020,6,1,1,1,0.9999533581251253,0.9990708774841112,0.9984003674349494,0.997481057926625,0.9961695129577275,0.9920196939599759
cdf_comp,2020,5,1,1,1,0.9999858261015024,0.9997884426296434,0.9987765353994901,0.9978518660472955,0.997128238982536,0.994878905881912
cdf_comp,2020,4,1,1,1,1,0.9998656789426562,0.9990365480050726,0.9983538860344422,0.9975503788414675,0.9965845879326357
cdf_comp,2020,3,1,1,1,1,0.9999533581251253,0.9992250171258245,0.9986735549860927,0.9980800204790968,0.997453147422281
cdf_comp,2020,2,1,1,1,1,0.9999858261015024,0.9998536393532447,0.9990708774841112,0.9985838417910172,0.9977756326990788
cdf_comp,2020,1,1,1,1,1,1,0.9999135685057372,0.9992450924691818,0.99876542254955,0.9982964241753479
cdf_comp,2020,0,1,1,1,1,1,0.9999533581251253,0.9998536393532447,0.9991828364383626,0.998649876993188
cdf_comp,2020,-1,1,1,1,1,1,1,0.9999135685057372,0.9992450924691818,0.9989443835640356
cdf_comp,2020,-2,1,1,1,1,1,1,0.9999533581251253,0.9998656789426562,0.9992073809928511
cdf_comp,2020,-3,1,1,1,1,1,1,1,0.9999135685057372,0.9997884426296434
cdf_comp,2020,-4,1,1,1,1,1,1,1,0.9999533581251253,0.9998656789426562
cdf_comp,2020,-5,1,1,1,1,1,1,1,1,0.9999135685057372
cdf_comp,2020,-6,1,1,1,1,1,1,1,1,0.9999533581251253
cdf_comp,2020,-7,1,1,1,1,1,1,1,1,1
cdf_comp,2020,-8,1,1,1,1,1,1,1,1,1
cdf_comp,2020,-9,1,1,1,1,1,1,1,1,1
cdf_comp,2020,-10,1,1,1,1,1,1,1,1,1
cdf_comp,2020,-11,1,1,1,1,1,1,1,1,1
cdf_comp,2020,-12,1,1,1,1,1,1,1,1,1
cdf_comp,2020,-13,1,1,1,1,1,1,1,1,1
cdf_comp,2020,-14,1,1,1,1,1,1,1,1,1
cdf_comp,2020,-15,1,1,1,1,1,1,1,1,1
cdf_comp,2020,-16,1,1,1,1,1,1,1,1,1
cdf_comp,2020,-17,1,1,1,1,1,1,1,1,1
cdf_comp,2020,-18,1,1,1,1,1,1,1,1,1
cdf_comp,2020,-19,1,1,1,1,1,1,1,1,1
cdf_comp,2020,-20,1,1,1,1,1,1,1,1,1
cdf_comp,2020,-21,1,1,1,1,1,1,1,1,1
cdf_comp,2020,-22,1,1,1,1,1,1,1,1,1
cdf_comp,2020,-23,1,1,1,1,1,1,1,1,1
cdf_comp,2020,-24,1,1,1,1,1,1,1,1,1
cdf_comp,2020,-25,1,1,1,1,1,1,1,1,1
cdf_comp,2020,-26,1,1,1,1,1,1,1,1,1
cdf_comp,2020,-27,1,1,1,1,1,1,1,1,1
cdf_comp,2020,-28,1,1,1,1,1,1,1,1,1
cdf_comp,2020,-29,1,1,1,1,1,1,1,1,1
cdf_comp,2020,-30,1,1,1,1,1,1,1,1,1
cdf_comp,2020,-31,1,1,1,1,1,1,1,1,1
cdf_comp,2020,-32,1,1,1,1,1,1,1,1,1
cdf_comp,2020,-33,1,1,1,1,1,1,1,1,1
cdf_comp,2020,-34,1,1,1,1,1,1,1,1,1
cdf_comp,2020,-35,1,1,1,1,1,1,1,1,1
cdf_comp,2020,-36,1,1,1,1,1,1,1,1,1
cdf_comp,2020,-37,1,1,1,1,1,1,1,1,1
cdf_comp,2020,-38,1,1,1,1,1,1,1,1,1
cdf_comp,2020,-39,1,1,1,1,1,1,1,1,1
cdf_comp,2020,-40,1,1,1,1,1,1,1,1,1
