region_name,utci_thres,yt_90pop90utci,yt_20pop20utci,cdf_percpoint_chg_20_v90,yt_90pop20utci,cdf_percpoint_chg_20utci_v90,cdf_percent_chg_20utci_v90,yt_20pop90utci,cdf_percpoint_chg_20pop_v90,cdf_percent_chg_20pop_v90
Central,-40,0.9999859198993478,0.9999635495316106,-2.237036773722334e-5,0.9999574785440912,-2.8441355256592082e-5,1.2713852356243065,0.9999870616819596,1.1417826117909868e-6,-0.05103995719708752
Eastern,-40,0.9998914427415398,0.9999404771603492,4.903441880932391e-5,0.9999024648595404,1.1022118000525438e-5,0.22478329035337885,0.9999367356573386,4.529291579880024e-5,0.9236963932401657
Northeastern,-40,0.9915665187051248,0.9991695909567312,0.007603072251606391,0.9992021030690454,0.0076355843639206444,1.0042761808961351,0.9919633430000756,3.9682429495080385e-4,0.05219262448373578
Western,-40,0.99927549821987,0.9997445116056262,4.6901338575611184e-4,0.9996177422305288,3.422440106587432e-4,0.7297105392994284,0.9995604535656428,2.849553457727749e-4,0.6075633541106489
Central,-39,0.9999768679625848,0.999948206827099,-2.8661135485830158e-5,0.99994243814108,-3.442982150481111e-5,1.2012720682972573,0.9999796866343637,2.8186717788702964e-6,-0.0983447351645864
Eastern,-39,0.9998631521672816,0.9999235714678208,6.0419300539238385e-5,0.9998782320714444,1.5079904162829116e-5,0.24958753292808653,0.9999198108165612,5.665864927961728e-5,0.9377574512439314
Northeastern,-39,0.9886039073729916,0.9986733796903496,0.010069472317357997,0.9986832046149882,0.010079297241996521,1.0009757139529136,0.9892874246587884,6.83517285796742e-4,0.06788014945117617
Western,-39,0.9990634171592768,0.999652149079174,5.887319198971674e-4,0.9994886684868166,4.2525132753978845e-4,0.7223174303409032,0.9994080953207788,3.446781615019656e-4,0.5854585930420926
Central,-38,0.9999658500625744,0.9999266592718364,-3.919079073799736e-5,0.9999209029996424,-4.494706293201034e-5,1.146878184533082,0.999967030243966,1.1801813916134662e-6,-0.03011374277960724
Eastern,-38,0.99982853601496,0.9998928519682274,6.431595326739092e-5,0.9998365091750776,7.973160117580314e-6,0.1239686222861726,0.999898019558191,6.948354323099704e-5,1.0803469388399185
Northeastern,-38,0.985131876104471,0.998009718747426,0.012877842642954995,0.9979574417474084,0.012825565642937464,0.9959405467618344,0.9860904898115478,9.586137070768386e-4,0.07443899833651575
Western,-38,0.9987991865056868,0.9995270935181412,7.279070124543985e-4,0.999326136111533,5.269496058462053e-4,0.7239243431237274,0.9992162418287666,4.1705532307978466e-4,0.5729513742057982
Central,-37,0.999946865399782,0.9999039172911832,-4.294810859872822e-5,0.9998960786119176,-5.078678786429869e-5,1.1825151216508423,0.9999541974879984,7.332088216460697e-6,-0.17071970002138384
Eastern,-37,0.9997808664827584,0.9998561007110344,7.523422827593329e-5,0.9997869235014912,6.057018732796848e-6,0.08050881721789961,0.9998679635800534,8.709709729493031e-5,1.1576791480533049
Northeastern,-37,0.9810710833776832,0.996946418852476,0.015875335474792807,0.9967378763117202,0.015666792934036944,0.9868637395986377,0.9823631841992712,0.001292100821587927,0.08139045777265949
Western,-37,0.9984514012940798,0.999366250699573,9.148494054931344e-4,0.9991164342320216,6.650329379417341e-4,0.7269315954610684,0.9989570118075995,5.056105135197164e-4,0.552670757048998
Central,-36,0.9999245030090582,0.9998775813614,-4.692164765818241e-5,0.9998679957005112,-5.65073085470047e-5,1.2042907989645308,0.9999350542485465,1.0551239488232333e-5,-0.22486933035891293
Eastern,-36,0.9997225473891356,0.9997985181152312,7.597072609566435e-5,0.999722467735095,-7.965404058563053e-8,-0.0010484833392974031,0.9998301224322008,1.0757504306524446e-4,1.4160065145327572
Northeastern,-36,0.976346112376363,0.9953308214030044,0.0189847090266414,0.9949719497392904,0.018625837362927333,0.9810968046331151,0.9779386609007452,0.0015925485243821758,0.08388585372297985
Western,-36,0.998028291588286,0.9991583048193164,0.0011300132310304578,0.998848074718983,8.197831306969716e-4,0.725463302716741,0.99864287451841,6.145829301240635e-4,0.5438723310908723
Central,-35,0.9998866157595324,0.9998492839969852,-3.733176254716586e-5,0.999835317529556,-5.129822997640421e-5,1.3741175469974871,0.9999065290182482,1.9913258715753557e-5,-0.5334133016247132
Eastern,-35,0.9996521261697826,0.9997417580176506,8.963184786803247e-5,0.9996514098575712,-7.163122114350884e-7,-0.007991715316298458,0.9997847921756464,1.3266600586381294e-4,1.4801212852282248
Northeastern,-35,0.9708067933097142,0.993245576089406,0.0224387827796918,0.9926703753366556,0.021863582026941386,0.974365777395421,0.9729282140388256,0.0021214207291113674,0.09454259395172528
Western,-35,0.9975334852678782,0.998903053815706,0.0013695685478277708,0.998514869919677,9.813846517987557e-4,0.7165648286500874,0.9982536692689624,7.201840010842009e-4,0.5258473569844034
Central,-34,0.9998440981071302,0.9998137190982428,-3.0379008887360115e-5,0.999789662967914,-5.4435139216102435e-5,1.7918668583935082,0.9998740774547128,2.9979347582642646e-5,-0.9868441624873497
Eastern,-34,0.9995517457647848,0.9996600662473516,1.0832048256681492e-4,0.9995634575818292,1.171181704440194e-5,0.10812190609636348,0.9997183456150324,1.6659985024758406e-4,1.5380272160883413
Northeastern,-34,0.9646501490743484,0.9905477283711892,0.025897579296840778,0.989738100336355,0.02508795126200658,0.9687373083965047,0.9673063762156626,0.0026562271413141936,0.1025666187124379
Western,-34,0.9969551001679609,0.9985896564805504,0.0016345563125895746,0.9981266948746608,0.0011715947066999188,0.7167661937836814,0.9977711521046592,8.160519366983143e-4,0.4992498150188963
Central,-33,0.9997869363913038,0.9997680356139708,-1.8900777333019647e-5,0.999732359719346,-5.4576671957740075e-5,2.8875358402532294,0.9998295893834732,4.265299216943408e-5,-2.2566792581022224
Eastern,-33,0.9994322871437386,0.99958313510719,1.5084796345143925e-4,0.9994607540318962,2.8466888157607784e-5,0.1887124460037659,0.9996245599092184,1.9227276547983951e-4,1.274612935306453
Northeastern,-33,0.9579679507223804,0.987092485485986,0.02912453476360566,0.9859577356093696,0.027989784886989222,0.9610380084754373,0.9609330239765548,0.0029650732541743885,0.10180671651035528
Western,-33,0.9963038667043088,0.9981869446237168,0.001883077919408005,0.9976477601011396,0.0013438933968308309,0.7136685014358403,0.997213413218373,9.095465140641634e-4,0.4830105566476523
Central,-32,0.9997007879704324,0.9997063000444584,5.5120740259928525e-6,0.999661614828832,-3.917314160040153e-5,-7.106788010406943,0.9997595361832736,5.874821284124199e-5,10.658095766531378
Eastern,-32,0.999267957105612,0.9994788733278628,2.1091622225077877e-4,0.9993331879821729,6.523087656085114e-5,0.3092738712306909,0.9994896195973226,2.2166249171062802e-4,1.0509504169246497
Northeastern,-32,0.9505895679328018,0.9827888849575332,0.032199317024731444,0.9813384174158972,0.03074884948309542,0.9549534687173036,0.954096537075752,0.0035069691429502337,0.10891439530399429
Western,-32,0.9955337508664134,0.9976900036724204,0.002156252806007064,0.9970552040619278,0.001521453195514444,0.7056005637538679,0.9965372479901814,0.0010034971237680157,0.46538936481491966
Central,-31,0.9995809582599072,0.9996480373471898,6.707908728253997e-5,0.999594339807179,1.338154727181795e-5,0.19948910776699008,0.9996609192459772,7.996098606999347e-5,1.1920404601391548
Eastern,-31,0.9990127025649392,0.999362708824708,3.5000625976877586e-4,0.9991966151277516,1.8391256281236057e-4,0.5254550673861047,0.9992934026782354,2.8070011329617284e-4,0.8019859801410734
Northeastern,-31,0.9431044061094224,0.9774557707588252,0.034351364649402805,0.9756084282524448,0.03250402214302239,0.946222150845104,0.9468595282116984,0.0037551221022760206,0.10931507788996392
Western,-31,0.9946466392405132,0.9970689845080076,0.002422345267494408,0.9963264946900674,0.0016798554495541795,0.6934830769569712,0.9957498961202752,0.0011032568797619824,0.45544988758070565
Central,-30,0.9994300934823674,0.999571595689567,1.4150220719955087e-4,0.9995125430637564,8.244958138892144e-5,0.5826734651046711,0.9995193828844204,8.92894020529944e-5,0.6310106663359369
Eastern,-30,0.9987045464904036,0.9992241602907528,5.196138003491502e-4,0.9990251766275624,3.2063013715877275e-4,0.6170546989770633,0.9990322928107204,3.2774632031673523e-4,0.6307498378536306
Northeastern,-30,0.935340760555132,0.97138799135117,0.036047230796038,0.968969438300848,0.033628677745715985,0.9329059959138986,0.939494228717537,0.004153468162404916,0.11522294696938079
Western,-30,0.9936048494871376,0.9963293002807834,0.002724450793645805,0.9954463225863937,0.0018414730992560857,0.6759061692547083,0.9948249174017134,0.0012200679145758508,0.44782160038323926
Central,-29,0.9992193487673954,0.9994616336983878,2.422849309924313e-4,0.9993960105328612,1.7666176546582424e-4,0.7291487949423604,0.9993200767874524,1.0072802005700598e-4,0.41574199288585806
Eastern,-29,0.9982741872247632,0.9990664939186736,7.92306693910394e-4,0.9988167056429408,5.4251841817754e-4,0.6847328469484018,0.99868636462499,4.121774002268097e-4,0.5202245587406649
Northeastern,-29,0.9271486145376676,0.9643093708378638,0.03716075630019622,0.9612550952459592,0.03410648070829159,0.9178091111162745,0.931615695001518,0.004467080463850359,0.12020962188616091
Western,-29,0.992456182482924,0.9954439836947572,0.0029878012118331743,0.9944211923715373,0.001965009888613256,0.6576775860558737,0.9937722178445548,0.0013160353616308296,0.44046951866097284
Central,-28,0.9989268256640986,0.9993316748945,4.048492304014051e-4,0.9992563798416724,3.2955417757374317e-4,0.8140170533286987,0.9990457068481252,1.1888118402658687e-4,0.29364310241794717
Eastern,-28,0.9977310798797588,0.9988536917800026,0.001122611900243764,0.998542370640692,8.112907609331144e-4,0.7226814188919168,0.9982498053575616,5.187254778027395e-4,0.4620701755344865
Northeastern,-28,0.9189043457389724,0.9561134871878632,0.03720914144889076,0.9523351085960238,0.03343076285705138,0.8984556363110598,0.9236711013756708,0.004766755636698372,0.12810711161518815
Western,-28,0.991158176995652,0.9944166293218492,0.0032584523261971476,0.9932473044511578,0.0020891274555058237,0.6411410222913981,0.9925768653569332,0.0014186883612812284,0.4353871774877067
Central,-27,0.9985390124467626,0.9991641460295873,6.251335828246773e-4,0.9990676876733952,5.2867522663258e-4,0.8456996091039478,0.9986686109325144,1.2959848575178068e-4,0.20731326761583915
Eastern,-27,0.9970492101320768,0.9985922694450802,0.0015430593130033587,0.998207882698359,0.001158672566282215,0.7508930839651353,0.9976598368335116,6.106267014347466e-4,0.3957247114799776
Northeastern,-27,0.9102541997138192,0.9469211747867576,0.03666697507293848,0.9423462836322554,0.03209208391843621,0.8752312906804602,0.9154604562177704,0.005206256503951234,0.14198761947487823
Western,-27,0.9896896120753076,0.9932205976909636,0.0035309856156560127,0.9918840370490526,0.0021944249737450017,0.6214766109539376,0.991182675571362,0.001493063496054381,0.4228460998068916
Central,-26,0.998077296422386,0.9989545099868726,8.772135644866674e-4,0.998838524598928,7.612281765420059e-4,0.8677797600946419,0.998215266338114,1.3796991572800898e-4,0.1572820135410776
Eastern,-26,0.996247331219275,0.998278411193449,0.002031079974173955,0.997818137960186,0.001570806740911035,0.7733849778859081,0.9969767754295764,7.294442103014109e-4,0.35914105775085375
Northeastern,-26,0.9019783400307828,0.9365729652912324,0.03459462526044954,0.9312436818996908,0.029265341868907946,0.845950538518065,0.9074730221433712,0.0054946821125884115,0.15883051402410278
Western,-26,0.988017054825966,0.9918340566565256,0.003817001830559552,0.9903750241259254,0.0023579692999593505,0.6177543015780228,0.9895684286898964,0.0015513738639303387,0.4064378097777636
Central,-25,0.9975192697084948,0.9987012880445878,0.0011820183360929937,0.9985602354989777,0.0010409657904828507,0.8806680562364424,0.9976778491781784,1.5857946968356185e-4,0.1341599066963085
Eastern,-25,0.9952677088577562,0.9978986296884924,0.0026309208307362386,0.9973610394245106,0.0020933305667544255,0.7956645986069548,0.9961670508081248,8.993419503686706e-4,0.3418354288209418
Northeastern,-25,0.8936624834798506,0.925443249170536,0.03178076569068544,0.919134755662053,0.025472272182202493,0.8014996375517821,0.8993460085404372,0.005683525060586669,0.17883537218401385
Western,-25,0.9862059172812636,0.990265114269765,0.0040591969885014345,0.9887013641708884,0.002495446889624775,0.6147636827416052,0.9878025427171584,0.001596625435894783,0.3933352927728254
Central,-24,0.9968301634190408,0.9984143094043236,0.001584145985282781,0.9982484986363802,0.0014183352173393615,0.8953311314210596,0.99702764017885,1.9747675980918977e-4,0.1246581827961637
Eastern,-24,0.9942025279263056,0.9974260344118324,0.003223506485526828,0.9967860609936589,0.002583533067353261,0.8014666882021259,0.9952340366913576,0.0010315087650519805,0.31999587085781767
Northeastern,-24,0.885130782421796,0.9138780594512024,0.028747277029406382,0.906695704173421,0.021564921751625055,0.7501552835618379,0.89103158786268,0.005900805440884005,0.2052648476879361
Western,-24,0.98420135668776,0.9885341519346538,0.004332795246893784,0.9868184959853727,0.0026171392976127583,0.6040302272508739,0.9858710560370528,0.0016696993492928414,0.38536308644860673
Central,-23,0.9959804793604236,0.9980897486891316,0.00210926932870803,0.99788399094868,0.0019035115882564124,0.9024507028802963,0.9962061899335468,2.2571057312326115e-4,0.10700889168170545
Eastern,-23,0.9929974654431908,0.9968459759437042,0.00384851050051338,0.9960630108533178,0.0030655454101270463,0.7965537341571788,0.994166166128615,0.0011687006854241844,0.30367610670888984
Northeastern,-23,0.8763305402213016,0.9018614868720488,0.025530946650747177,0.8941854001146036,0.017854859893301933,0.6993418668547255,0.8823688378615169,0.00603829764021524,0.23650896000123545
Western,-23,0.9820331397392884,0.986564485205403,0.004531345466114556,0.9847027893839406,0.0026696496446522167,0.5891516470363785,0.9837564645944376,0.0017233248551491442,0.38031195547463414
Central,-22,0.9950459361206336,0.9976800846007744,0.0026341484801407633,0.9974358805545924,0.0023899444339587905,0.9072929836631977,0.9952849988769232,2.390627562895986e-4,0.09075523194380584
Eastern,-22,0.9916218781830742,0.9961369615203274,0.004515083337253145,0.9952061049458888,0.0035842267628145574,0.7938340214546525,0.992938449921434,0.0013165717383597508,0.2915941168786305
Northeastern,-22,0.8673265077312534,0.8895044653382765,0.022177957607023124,0.8811893593162755,0.013862851585022096,0.6250734098541214,0.8735245075791657,0.00619799984791225,0.2794666649533824
Western,-22,0.9796498100966744,0.9844070780483004,0.00475726795162601,0.9824396312225812,0.002789821125906755,0.5864334643906717,0.9814051785834988,0.001755368486824449,0.3689866756873497
Central,-21,0.993936573878982,0.9971737547093688,0.00323718083038671,0.9968908933216908,0.0029543194427087416,0.9126210729339522,0.9942077742304286,2.712003514465655e-4,0.08377670746745657
Eastern,-21,0.9899797056308366,0.995278775523439,0.005299069892602426,0.9942328559670738,0.004253150336237188,0.8026220492344598,0.9915024354978096,0.0015227298669729938,0.2873579510809521
Northeastern,-21,0.8582456403333184,0.8766963377362197,0.018450697402901284,0.8680734830433122,0.009827842709993817,0.5326542674993107,0.8644826280808436,0.0062369877475252355,0.33803533879128594
Western,-21,0.9770352402787278,0.982055276278698,0.0050200359999702515,0.979968752239725,0.002933511960997226,0.5843607418382278,0.978776830222258,0.0017415899435302418,0.34692777970926153
Central,-20,0.9926285283301056,0.9965064970345509,0.0038779687044452338,0.9961924287335115,0.0035639004034059285,0.9190121620426448,0.9929539622684695,3.254339383639282e-4,0.08391866030040164
Eastern,-20,0.988063978991348,0.9942795455825156,0.0062155665911676206,0.9930462156816564,0.004982236690308395,0.8015740185919978,0.9898059636228907,0.0017419846315427368,0.2802615990017891
Northeastern,-20,0.8487661980137174,0.8636159234903481,0.01484972547663066,0.855071613030868,0.00630541501715054,0.42461492147269053,0.8551065649445532,0.006340366930835728,0.4269686292055502
Western,-20,0.9741910042560572,0.9794035054744192,0.005212501218362031,0.9772253117226452,0.003034307466587949,0.5821212004515263,0.9759550075702556,0.001764003314198348,0.33841782290319844
Central,-19,0.9911310254260924,0.9956768085954938,0.004545783169401352,0.995333031916712,0.004202006490619525,0.9243745981779639,0.9914742943115252,3.4326888543279033e-4,0.0755136953613202
Eastern,-19,0.9858453772574745,0.9930415972385912,0.007196219981116747,0.991556404604067,0.005711027346592568,0.7936148924822474,0.9878459511892582,0.0020005739317837667,0.2780034430622432
Northeastern,-19,0.8391214321807693,0.850694151673549,0.011572719492779715,0.8419283163540581,0.0028068841732887817,0.24254317881289808,0.8454624691819632,0.006341037001193928,0.5479297243098423
Western,-19,0.971169994775435,0.9764610119709992,0.0052910171955642404,0.9742767083074324,0.0031067135319974293,0.5871675364430801,0.9729280606346536,0.0017580658592186715,0.3322736997892499
Central,-18,0.9893735723821973,0.994610501385992,0.005236929003794799,0.9942021477823422,0.004828575400144919,0.9220242238621188,0.989713393963518,3.398215813207317e-4,0.06488947646120258
Eastern,-18,0.9832791407077008,0.9915272725378732,0.008248131830172367,0.9898555641551342,0.006576423447433366,0.7973227856732661,0.9855839021388147,0.002304761431113911,0.2794282970457501
Northeastern,-18,0.829227806237243,0.8371811175197786,0.007953311282535624,0.8284184351452263,-8.093710920167307e-4,-0.10176529790730034,0.8355721319203886,0.00634432568314558,0.7976961365861343
Western,-18,0.9679190355193654,0.9733005579390424,0.005381522419676932,0.9710930167703116,0.003173981250946145,0.5897924422540431,0.9696846087071824,0.0017655731878170045,0.32808061550786904
Central,-17,0.9874035134264064,0.9933096912773816,0.005906177850975136,0.9928501439160836,0.0054466304896771955,0.9221920888782468,0.9877363487017332,3.328352753267927e-4,0.05635375089015311
Eastern,-17,0.9801705108407376,0.9895823793566751,0.00941186851593756,0.987680948501866,0.007510437661128466,0.7979751999733834,0.9828471463192444,0.002676635478506828,0.2843893828281127
Northeastern,-17,0.8185122245012761,0.82305292883236,0.004540704331083889,0.8144033592510211,-0.0041088652502550005,-0.9048960140670937,0.8251574193259605,0.006645194824684397,1.4634722589607934
Western,-17,0.964425828731172,0.9698309013704935,0.005405072639321551,0.9676635467857824,0.0032377180546103723,0.5990147164824733,0.9661525751866664,0.0017267464554944212,0.31946776125309645
Central,-16,0.9850620268803828,0.9916767214184016,0.006614694538018773,0.9911775866804472,0.006115559800064396,0.9245415287001482,0.9853811524431956,3.1912556281277205e-4,0.04824494328174317
Eastern,-16,0.976363145271224,0.9871035692347888,0.010740423963564782,0.98495898809521,0.008595842823985955,0.8003262118093303,0.9794673158847154,0.0031041706134913305,0.2890175121598315
Northeastern,-16,0.8073951133436456,0.8080022085411703,6.070951975247763e-4,0.7996479792110659,-0.007747134132579658,-12.760987344597615,0.8140749052613606,0.006679791917715061,11.002873923150169
Western,-16,0.9606484029888273,0.9660602165789124,0.005411813590085135,0.9639486192914538,0.0033002163026265574,0.6098170692118463,0.962332132357034,0.00168372936820671,0.31112109465326626
Central,-15,0.9822307178209896,0.9897141736547256,0.007483455833735997,0.9891918412742586,0.006961123453269047,0.9302017153475758,0.9825440264012544,3.133085802647928e-4,0.04186683094358271
Eastern,-15,0.9717986179109211,0.9839229256116432,0.012124307700722037,0.9814656943639488,0.009667076453027668,0.7973301809596902,0.9753617319285184,0.0035631140175972353,0.29388185334367933
Northeastern,-15,0.7954984974816998,0.7925504331975142,-0.002948064284185592,0.7843869597489346,-0.011111537732765187,3.769096146366689,0.8022406241315391,0.006742126649839308,-2.2869673114003457
Western,-15,0.9566270449096616,0.9619811712437392,0.0053541263340776135,0.9599410943945312,0.0033140494848696855,0.618971103422911,0.9582627075423736,0.0016356626327120871,0.3054957112800126
Central,-14,0.9788388285330992,0.9872763480952688,0.008437519562169538,0.9867499060506442,0.00791107751754494,0.937607013442084,0.9790526295624064,2.1380102930712575e-4,0.02533932250251887
Eastern,-14,0.9664324123082498,0.9799021668258792,0.013469754517629329,0.9770321028051986,0.010599690496948755,0.786925291257223,0.9705177776696612,0.004085365361411353,0.30329916971125137
Northeastern,-14,0.7826038740521485,0.7764459822015146,-0.006157891850633868,0.7683605617373246,-0.014243312314823897,2.3130176138702,0.7896709031835345,0.007067029131386016,-1.1476377472687451
Western,-14,0.9523774585661716,0.957666697140508,0.005289238574336386,0.9556575022703266,0.0032800437041550223,0.6201353291322377,0.953989048437656,0.0016115898714843535,0.30469222532404894
Central,-13,0.9747188994619717,0.9842599821770186,0.009541082715046945,0.9837326775342148,0.009013778072243128,0.9447332489873271,0.9747875188158762,6.86193539045643e-5,0.007191988158361405
Eastern,-13,0.9604660099420964,0.9748766259158236,0.01441061597372717,0.9714875058646696,0.011021495922573177,0.7648178219908923,0.9651405041193716,0.004674494177275168,0.32437851274348783
Northeastern,-13,0.7691558086810355,0.7601593079391176,-0.008996500741917934,0.7520998193386066,-0.017055989342428912,1.8958470445024165,0.7762474124933593,0.007091603812323766,-0.7882624606788984
Western,-13,0.9478865636314164,0.9530778427137376,0.0051912790823211985,0.9511132598440772,0.0032266962126608068,0.6215609219795674,0.9494680286472186,0.0015814650158021415,0.3046387972451318
Central,-12,0.9699111753212516,0.9804508959667044,0.010539720645452832,0.9799692307709787,0.010058055449727155,0.9543000035837303,0.9698144986124776,-9.66767087740017e-5,-0.009172606374127295
Eastern,-12,0.9538750834267936,0.9690537728077124,0.01517868938091882,0.9650318635685496,0.011156780141756029,0.7350292150902866,0.9591711155794173,0.005296032152623642,0.34891234807672533
Northeastern,-12,0.7550920529335788,0.7438651803011248,-0.011226872632454032,0.7359533473768657,-0.019138705556713154,1.7047227828512124,0.76210450867716,0.007012455743581114,-0.6246134585432
Western,-12,0.943213092396166,0.9482034492190692,0.004990356822903164,0.9462911066470584,0.0030780142508923802,0.6167924178820005,0.9446619012838448,0.001448808887678732,0.29032170225372395
Central,-11,0.9642493464423496,0.9756882506795072,0.011438904237157543,0.9753004227082732,0.01105107626592361,0.96609570609271,0.9639513763810754,-2.979700612741887e-4,-0.026048829074578506
Eastern,-11,0.947024772285773,0.9626832553716936,0.01565848308592066,0.9580382304843116,0.011013458198538606,0.7033540949085526,0.952973519997444,0.005948747711670976,0.379905746874025
Northeastern,-11,0.7406492914927896,0.7275775637111648,-0.013071727781624798,0.7193864372885456,-0.02126285420424401,1.6266292076655429,0.7475825989007129,0.006933307407923306,-0.5304048189918399
Western,-11,0.93829873839751,0.9431817616364933,0.004883023238983264,0.9412224110422894,0.0029236726447794403,0.598742316325368,0.9397189444792952,0.0014202060817851692,0.2908456528420869
Central,-10,0.9580388635947636,0.9702330493530588,0.012194185758295117,0.9699361040426392,0.011897240447875546,0.9756486151428705,0.957500017073039,-5.388465217246452e-4,-0.04418880705979847
Eastern,-10,0.939950510948514,0.9559512185044814,0.016000707555967386,0.9505266370039084,0.010576126055394375,0.6609786485004571,0.9465415222240724,0.006591011275558389,0.41191998869451896
Northeastern,-10,0.7256812947224021,0.7111785829858001,-0.014502711736602003,0.7027938732747608,-0.02288742144764122,1.5781477190833113,0.7322866625502622,0.006605367827860142,-0.4554574308465008
Western,-10,0.9331405825366144,0.937886793568404,0.004746211031789627,0.9359550648899116,0.0028144823532972874,0.5929956199684713,0.9345459063404428,0.0014053238038284066,0.2960938303028867
Central,-9,0.9510583016917402,0.9637400501921388,0.012681748500398604,0.9635967161266206,0.012538414434880352,0.9886976101510176,0.9503671082368158,-6.911934549244103e-4,-0.05450300917911163
Eastern,-9,0.93237481343108,0.948767170950478,0.01639235751939805,0.9426113214974312,0.010236508066351235,0.6244683264282009,0.9396459789623356,0.007271165531255619,0.4435704579192601
Northeastern,-9,0.7100366007126513,0.6945070968639412,-0.015529503848710102,0.68604654791532,-0.02399005279733124,1.5448048457339403,0.7167526184767198,0.006716017764068494,-0.4324682764817585
Western,-9,0.9276953260414832,0.932297107984075,0.004601781942591754,0.9303854759013012,0.0026901498598179696,0.5845887296221731,0.9290696574992434,0.001374331457760225,0.29865201674162606
Central,-8,0.943112847048126,0.9561031453028258,0.012990298254699773,0.956074035034048,0.01296118798592194,0.9977590761807721,0.9422601900708848,-8.526569772412396e-4,-0.06563798309501909
Eastern,-8,0.9242635550396388,0.9411385469003036,0.01687499186066488,0.9341874989918448,0.009923943952206082,0.5880858511901573,0.932285263343701,0.008021708304062236,0.4753607213737749
Northeastern,-8,0.6943317136320825,0.6778062567004403,-0.016525456931642202,0.6693224607097175,-0.025009252922365,1.5133773925777754,0.7011997858691231,0.006868072237040668,-0.41560558751570686
Western,-8,0.9218913142288784,0.9263772100703086,0.004485895841430221,0.9244384532020172,0.0025471389731388516,0.5678105473636582,0.92321551433036,0.0013242001014815985,0.2951918966222383
Central,-7,0.9339885082293388,0.9471504707990832,0.013161962569744445,0.947321950925226,0.01333344269588721,1.0130284617688359,0.9330154001556016,-9.731080737371833e-4,-0.07393335671490801
Eastern,-7,0.9153866102880998,0.9329534771346114,0.017566866846511653,0.9251311437083156,0.009744533420215862,0.5547109513243044,0.9242632517507032,0.008876641462603474,0.5053059000311234
Northeastern,-7,0.6785216272287597,0.661585486808935,-0.01693614041982472,0.6531774265895284,-0.025344200639231373,1.4964566903073466,0.6852594723617121,0.006737845132952391,-0.39783828935814436
Western,-7,0.9155846734650368,0.919967960664436,0.004383287199399177,0.9179927668487408,0.0024080933837039575,0.5493806985848515,0.9169176740197555,0.001333000554718744,0.3041097911406444
Central,-6,0.9236963091682,0.936879416805474,0.013183107637274039,0.9371759462677072,0.013479637099507169,1.022493138218391,0.9226587438979056,-0.001037565270294416,-0.07870414919171217
Eastern,-6,0.9058198958438456,0.9239062345226382,0.018086338678792613,0.9150838386767792,0.009263942832933636,0.5122066437800482,0.9155563962366556,0.009736500392810044,0.5383345167713083
Northeastern,-6,0.6626502927947882,0.6456010626995214,-0.01704923009526671,0.6373747241599991,-0.02527556863478908,1.4825049866507582,0.6693209567380358,0.006670663943247668,-0.391258954567081
Western,-6,0.908771793862464,0.9129197136535618,0.004147919791097854,0.9109746112427156,0.0022028173802516315,0.5310655680901195,0.9101446191188556,0.0013728252563915966,0.3309671655989864
Central,-5,0.9120885485121816,0.9254844616190596,0.013395913106878043,0.9258731066951968,0.013784558183015272,1.0290122123842145,0.910999798281482,-0.0010887502306995422,-0.08127480538378011
Eastern,-5,0.8953947962869231,0.9141969425743915,0.018802146287468458,0.9043775479731148,0.00898275168619167,0.47775139863573085,0.9060660443529484,0.010671248066025263,0.5675547835268998
Northeastern,-5,0.6465664503624126,0.6302559398426295,-0.01631051051978305,0.6223439216877592,-0.024222528674653354,1.4850870943171155,0.6530373078903705,0.006470857527957952,-0.3967293065480345
Western,-5,0.9012079973025482,0.9051880071971546,0.003980009894606451,0.9032030802699674,0.001995082967419237,0.5012758812793137,0.9026151714546714,0.001407174152123214,0.3535604657742584
Central,-4,0.8993002853010652,0.912635469580756,0.013335184279690826,0.9130567119642974,0.01375642666323218,1.0315887935784207,0.8981659763351603,-0.00113430896590494,-0.08506136414121146
Eastern,-4,0.8842621710616515,0.9038940067336227,0.019631835671971243,0.8931705891641197,0.00890841810246823,0.4537740765213797,0.8958794160330107,0.011617244971359186,0.5917554102159359
Northeastern,-4,0.6296235501771056,0.615098026970957,-0.014525523206148638,0.6073440106387764,-0.022279539538329174,1.5338201056260934,0.6362120304285683,0.006588480251462747,-0.45357954807946954
Western,-4,0.8929669535229054,0.8965587442021354,0.003591790679229989,0.8946709418881258,0.0017039883652203436,0.4744119347137584,0.8943709829850686,0.0014040294621631144,0.39089957838637507
Central,-3,0.8851962220437921,0.8991469464680868,0.01395072442429468,0.8996058468220317,0.014409624778239594,1.0328943745133232,0.8840561400280004,-0.0011400820157917435,-0.0817220655442331
Eastern,-3,0.8722928338801618,0.8930149799542015,0.02072214607403977,0.881487071321755,0.0091942374415932,0.4436913729274175,0.8849290150321767,0.012636181152014925,0.6097911435845558
Northeastern,-3,0.6124563633241485,0.5999792385237716,-0.012477124800376993,0.5923900926252208,-0.020066270698927746,1.6082447695258646,0.619123721230686,0.006667357906537497,-0.5343665318099603
Western,-3,0.8837881947230519,0.8869131780849232,0.003124983361871281,0.8851479843855211,0.0013597896624691908,0.43513500873647243,0.8851162820515739,0.0013280873285219652,0.42499020786039937
Central,-2,0.8699057040292637,0.8849319141448676,0.0150262101156039,0.8854023725014247,0.015496668472161024,1.0313091826174172,0.8688910478436872,-0.0010146561855765013,-0.06752575518179639
Eastern,-2,0.8595662441594693,0.8816603694330265,0.022094125273557252,0.8691677641244338,0.0096015199649645,0.4345734373315886,0.8731247181404136,0.013558473980944341,0.6136687383216491
Northeastern,-2,0.5950006007543966,0.5852979048885574,-0.009702695865839273,0.577765233983462,-0.017235366770934624,1.7763482447817387,0.6015370718739191,0.006536471119522491,-0.6736757711365298
Western,-2,0.8733222844653498,0.8760810170169162,0.002758732551566445,0.8744637545050947,0.0011414700397449629,0.41376611121539164,0.8746814407587504,0.0013591562934006651,0.49267417844796807
Central,-1,0.8536372839254354,0.869938566014295,0.016301282088859614,0.8703928058998358,0.016755521974400445,1.027865285875352,0.8526873145086699,-9.49969416765506e-4,-0.05827574859370848
Eastern,-1,0.8463527956210084,0.8698026227296786,0.023449827108670163,0.8564393541392792,0.010086558518270783,0.4301335984921379,0.8608853081134503,0.014532512492441918,0.6197279163337105
Northeastern,-1,0.5776605013322288,0.5704030879302333,-0.007257413401995483,0.5630781733953595,-0.01458232793686931,2.009300990468558,0.5840552684592818,0.006394767127053003,-0.8811358500391767
Western,-1,0.8616404213419856,0.8639801386251842,0.0023397172831985946,0.8625025848418656,8.621634998799976e-4,0.3684904608224059,0.8629945972977895,0.0013541759558038935,0.5787776008358662
Central,0,0.8367826441634978,0.8540492365719362,0.01726659240843842,0.8544858137554016,0.017703169591903767,1.0252845016050756,0.8358506388408828,-9.320053226149483e-4,-0.053977374375239466
Eastern,0,0.8324655228938148,0.8573871651034831,0.024921642209668304,0.8431307524343421,0.010665229540527288,0.42795051188038213,0.8480013918585546,0.015535868964739796,0.6233886528839052
Northeastern,0,0.5597943582456593,0.5554727374539615,-0.004321620791697733,0.5483093846655803,-0.011484973580078939,2.6575616264487443,0.5660212965267051,0.006226938281045813,-1.4408803042155816
Western,0,0.8485512788854148,0.8504625650877686,0.0019112862023538124,0.8491026655902846,5.513867048697607e-4,0.2884898683361548,0.8498441703095486,0.0012928914241338019,0.6764509797337328
Central,1,0.8190699172426419,0.8370943620762205,0.018024444833578568,0.8375029074656252,0.01843299022298328,1.022666184350023,0.818322333418433,-7.475838242089194e-4,-0.04147610820257893
Eastern,1,0.8180742095508606,0.8442588761148517,0.0261846665639911,0.8290454041906128,0.010971194639752158,0.4189931009027871,0.8345164768517388,0.016442267300878166,0.6279349504297074
Northeastern,1,0.5420941449829585,0.5403566985718457,-0.0017374464111128418,0.5334873087679671,-0.008606836214991365,4.953727585461844,0.5481074798027727,0.006013334819814253,-3.4610188730728604
Western,1,0.8338521979917253,0.8353694338057096,0.00151723581398433,0.8342712243770619,4.190263853366405e-4,0.27617749427905885,0.834970654579839,0.0011184565881137143,0.7371672734092642
Central,2,0.8008621821839896,0.8193031809440299,0.01844099876004024,0.819669754920548,0.01880757273655842,1.01987820623428,0.8002260295903395,-6.3615259365013e-4,-0.03449664532425476
Eastern,2,0.8030122794466741,0.8302785799279283,0.027266300481254224,0.8140469566931173,0.011034677246443247,0.404700199575284,0.8204750613080382,0.017462781861364074,0.640452923687607
Northeastern,2,0.5243923752602858,0.5251163792294998,7.240039692140154e-4,0.5185447018974186,-0.005847673362867178,-8.076852629986904,0.5303050592812271,0.00591268402094125,8.166645864331528
Western,2,0.8177061909472068,0.818718154459489,0.0010119635122822768,0.8179214352111432,2.152442639364871e-4,0.21269962930881536,0.8186896659477068,9.834750005000004e-4,0.9718482816460187
Central,3,0.7819565083108639,0.8004593493167533,0.018502841005889392,0.8006929689596144,0.018736460648750453,1.0126261498321636,0.7813779409624491,-5.785673484148823e-4,-0.031269108794196865
Eastern,3,0.7872729956218617,0.8155699889774967,0.02829699335563496,0.7983548411403226,0.01108184551846092,0.39162625439335313,0.8057059169519293,0.018432921330067575,0.6514091832444422
Northeastern,3,0.5067142335571793,0.5098121869736414,0.003097953416462129,0.5034327997435638,-0.003281433813615453,-1.059226325411587,0.512677467317254,0.005963233760074793,1.924894586337848
Western,3,0.799894191294398,0.800526423134485,6.322318400869831e-4,0.7997367696092651,-1.574216851328858e-4,-0.2489936051167995,0.8008799001969092,9.85708902511262e-4,1.559094053813625
Central,4,0.7624201156370671,0.7807463534674102,0.01832623783034304,0.7808572380353123,0.01843712239824513,1.0060505909029784,0.7619027994366047,-5.173162004624698e-4,-0.02822817237512553
Eastern,4,0.7709347593768276,0.8004572233710681,0.02952246399424041,0.782315562691139,0.01138080331431135,0.3854963906986778,0.7902774269985596,0.01934266762173198,0.6551847307022061
Northeastern,4,0.4893610167440911,0.4938516977374892,0.004490680993398111,0.48772666201842246,-0.0016343547256686408,-0.363943626383472,0.4951818728918569,0.005820856147765785,1.2962078928169705
Western,4,0.7808354913142833,0.7807620705777417,-7.34207365415962e-5,0.7800011371309453,-8.34354183337993e-4,11.364012711385609,0.7818562210509286,0.0010207297366452428,-13.902472036179491
Central,5,0.7423183340950702,0.7600192010404404,0.01770086694537021,0.759973446608235,0.01765511251316476,0.9974151304370199,0.7419141960103935,-4.041380846766529e-4,-0.022831541863115253
Eastern,5,0.7539132894015375,0.7847880907529095,0.030874801351371994,0.7656461540331052,0.011732864631567752,0.3800142549272264,0.7740657125603531,0.020152423158815602,0.6527142613638252
Northeastern,5,0.4721213834442852,0.47699102140225463,0.004869637957969408,0.4708689991502816,-0.00125238429400365,-0.25718221863990115,0.477784200971807,0.005662817527521791,1.1628826570678226
Western,5,0.7605165934024327,0.7596622294907848,-8.543639116479484e-4,0.7588417272173209,-0.0016748661851118118,1.9603662587775148,0.7616183879550386,0.0011017945526058393,-1.2896080201709734
Central,6,0.7222461638728905,0.7388449772676465,0.016598813394755996,0.7386614455205662,0.016415281647675695,0.9889430802843845,0.7219288873982147,-3.1727647467583164e-4,-0.019114406983818957
Eastern,6,0.7361853698331782,0.7688230753291538,0.032637705495975666,0.7487139328070413,0.012528562973863178,0.3838677622545491,0.7570056596722241,0.020820289839045936,0.6379213710845312
Northeastern,6,0.45440055797775686,0.4594314261743315,0.005030868196574667,0.4535124202966283,-8.881376811285535e-4,-0.1765376564095346,0.4600800044415347,0.005679446463777826,1.12891974940722
Western,6,0.738683087442483,0.7373278104900488,-0.0013552769524342034,0.73613704275147,-0.0025460446910130496,1.878615796158945,0.7400139545926907,0.001330867150207693,-0.981989067118224
Central,7,0.7021849203704454,0.7174035360014502,0.015218615631004795,0.7169308125035521,0.01474589213310662,0.9689378121269389,0.7019540162032969,-2.30904167148549e-4,-0.015172481699198008
Eastern,7,0.7177338292407213,0.7523946060587943,0.034660776818073,0.7314779383055217,0.013744109064800392,0.3965320551509932,0.739231891503727,0.02149806226300577,0.6202417901896572
Northeastern,7,0.4366505579515669,0.4413598268429918,0.0047092688914249226,0.4354196914146666,-0.0012308665369002991,-0.2613710461811973,0.4421719076682108,0.00552134971664392,1.172443078520683
Western,7,0.7157978532582252,0.7137562436893389,-0.0020416095688863267,0.7121304412635167,-0.003667411994708547,1.7963336627135207,0.7173419465030185,0.0015440932447933209,-0.7563117200883835
Central,8,0.6818492501681027,0.6959851412597502,0.014135891091647479,0.6952422398259123,0.01339298965780955,0.9474457302322533,0.6817784710737413,-7.077909436137286e-5,-0.005007048646773626
Eastern,8,0.698626703807756,0.7355216751140562,0.03689497130630015,0.7138328206942547,0.015206116886498644,0.41214605535963816,0.7208625830757803,0.022235879268024283,0.6026804868181943
Northeastern,8,0.4180281402838265,0.4235385277681633,0.005510387484336798,0.4175683859055006,-4.5975437832590504e-4,-0.08343412865842023,0.423408295840644,0.005380155556817479,0.976366103492812
Western,8,0.6916125275622502,0.6892123201944841,-0.0024002073677661384,0.6871584055620562,-0.004454122000194016,1.8557238262040028,0.6934984824875569,0.0018859549253066321,-0.7857466611569822
Central,9,0.66103683863629,0.6745861595604337,0.013549320924143626,0.6736032010790833,0.0125663624427933,0.9274533028737414,0.6610444956637818,7.657027491725366e-6,5.651226016856134e-4
Eastern,9,0.6788116673652368,0.7183842792382339,0.0395726118729971,0.6960018378328838,0.017190170467647037,0.4343956502749059,0.7017036129410179,0.022891945575781114,0.5784795213732592
Northeastern,9,0.3986600052616958,0.4057840812595493,0.007124075997853474,0.3994656763886852,8.056711269893713e-4,0.11309131559406788,0.403841592433314,0.005181587171618207,0.7273346288247696
Western,9,0.6659911043175236,0.6640188460144376,-0.0019722583030860052,0.6617121399926381,-0.004278964324885504,2.1695760226691303,0.6681015333762932,0.0021104290587695695,-1.0700571296707777
Central,10,0.6397103865082787,0.6528825895630721,0.013172203054793385,0.651785995391302,0.012075608883023281,0.9167493723556704,0.6399348470149069,2.2446050662816575e-4,0.017040468150578972
Eastern,10,0.6585907529069202,0.7003905857897776,0.04179983288285749,0.6772855609803979,0.018694808073477787,0.4472460003816117,0.6818483010019488,0.02325754809502867,0.5564028966385368
Northeastern,10,0.3790620333935545,0.3882595418251607,0.009197508431606216,0.3817592095511796,0.002697176157625103,0.2932507404240649,0.38446569076218057,0.00540365736862608,0.5875131736826695
Western,10,0.6394687306294646,0.6379379548979742,-0.001530775731490408,0.6356511105921632,-0.0038176200373014613,2.49391204653115,0.6417556878442503,0.0022869572147856676,-1.4939858058495734
Central,11,0.6175629995446276,0.6309580533303157,0.013395053785688171,0.6297166740408939,0.012153674496266365,0.9073255464828258,0.6179806626991948,4.1766315456726044e-4,0.031180401456357646
Eastern,11,0.6375395993390812,0.681589611866464,0.04405001252738283,0.6578087483729853,0.020269149033904088,0.4601394612840159,0.661095228463047,0.023555629123965804,0.5347473876272545
Northeastern,11,0.3596808058998788,0.370937801346269,0.01125699544639025,0.36420167357456334,0.00452086767468457,0.4016051793051284,0.3653478349960477,0.005667029096168952,0.5034228825229011
Western,11,0.6120545955373327,0.6112531113686237,-8.014841687089547e-4,0.6089501658618409,-0.0031044296754917378,3.8733512110319155,0.6145188212043856,0.002464225667052955,-3.0745780930674833
Central,12,0.59437926109446515,0.6083389573766855,0.01395969628222038,0.6070415830330519,0.01266232193858674,0.9070628531305494,0.5949757037305956,5.964426361304564e-4,0.04272604676149791
Eastern,12,0.6161206754378247,0.6613221544039277,0.04520147896610305,0.6372252011008376,0.021104525663012907,0.46689900741609275,0.6397014500838057,0.023580774645981073,0.5216814844413494
Northeastern,12,0.3404202874895958,0.3534773386380202,0.013057051148424426,0.34673120815292213,0.006310920663326336,0.48333429896135965,0.34628241476469757,0.0058621272751017695,0.448962572671636
Western,12,0.5832271699191162,0.5837756139631923,5.484440440761684e-4,0.5814263869990296,-0.0018007829200865633,-3.283439649928022,0.5856183697815114,0.0023911998623952213,4.359970516997955
Central,13,0.5703883218195287,0.5853722848259655,0.014983963006436785,0.5839913919609346,0.013603070141405937,0.9078419464571792,0.5710856818138202,6.973599942915465e-4,0.04654042418497535
Eastern,13,0.59421961063345,0.6393476315465791,0.045128020913129174,0.6150799339618618,0.02086032332841181,0.46224768794021903,0.6178725232323284,0.023652912598878473,0.524129180058882
Northeastern,13,0.32071292134675816,0.3363402618505994,0.015627340503841236,0.3293705588984958,0.008657637551737651,0.5540058175355931,0.3268022089448548,0.0060892875980966266,0.38965603882502375
Western,13,0.553484807974503,0.5554456522772959,0.0019608443027929745,0.5531246012073424,-3.6020676716053135e-4,-0.18369983106127416,0.5557046820940071,0.002219874119504195,1.1321011649636155
Central,14,0.5460766544216764,0.5623039015163008,0.01622724709462442,0.5608134815954093,0.014736827173732925,0.9081532491493751,0.5468637829142153,7.871284925389244e-4,0.048506594368657605
Eastern,14,0.5717739181419201,0.6158957161597238,0.04412179801780369,0.5916739144547238,0.019899996312803703,0.45102414694826826,0.5952405640922912,0.023466645950371068,0.5318605996270139
Northeastern,14,0.3011210337598157,0.31832279785308554,0.017201764093269845,0.3113346267118004,0.010213592951984707,0.5937526463335673,0.30739538984220977,0.0062743560823940725,0.36475073419062304
Western,14,0.5231788840718609,0.5257573861758352,0.002578502103974367,0.52348528343504,3.0639936317911065e-4,0.11882843248676929,0.525145462459152,0.0019665783872910847,0.7626824830819042
Central,15,0.5220287959729162,0.5388422116547084,0.016813415681792176,0.5373662651281357,0.015337469155219496,0.9122161401046527,0.5229334179651419,9.046219922257404e-4,0.05380358217190731
Eastern,15,0.548984504917989,0.5912302386528129,0.042245733734823876,0.5673606852041864,0.018376180286197363,0.43498310152557645,0.5720309460586649,0.02304644114067589,0.5455329829359388
Northeastern,15,0.2812018803424851,0.29960449227558067,0.01840261193309556,0.2924917966627971,0.01128991632031201,0.6134953212814339,0.2875441945477751,0.006342314205289967,0.344642066482087
Western,15,0.4922701307463457,0.4954468033141324,0.003176672567786698,0.49334238093966354,0.0010722501933178585,0.33753878325109654,0.4938354530693496,0.001565322323003937,0.49275532482548345
Central,16,0.4980321364021833,0.5150822054412444,0.01705006903906109,0.5136821263921747,0.015649989989991397,0.9178842592448065,0.4990607693144239,0.0010286329122405902,0.06033013179501089
Eastern,16,0.5252355195511015,0.5659863024880268,0.040750782936925356,0.5426800904049073,0.017444570853805796,0.428079403549295,0.5477456886252312,0.022510169074129727,0.5523861740023814
Northeastern,16,0.26079659018213647,0.27986886340684114,0.019072273224704672,0.272793615371111,0.011997025188974553,0.6290296414920578,0.2674023393981008,0.006605749215964352,0.34635353311779327
Western,16,0.46033273385761125,0.46442777287793946,0.004095039020328206,0.46249845388895594,0.0021657200313446867,0.5288643210953117,0.461659854106116,0.0013271202485047318,0.3240800006829646
Central,17,0.4741884078848407,0.490843821962324,0.016655414077483333,0.48944271363137576,0.01525430574653508,0.9158767038495651,0.47542045570778224,0.0012320478229415621,0.0739728125166929
Eastern,17,0.500669117331807,0.5397537638961253,0.039084646564318315,0.5169368933472758,0.016267776015468804,0.41621908973126553,0.5228170401840345,0.022147922852227553,0.5666655528221441
Northeastern,17,0.23977788946204184,0.25955118025339624,0.019773290791354398,0.2526921656994743,0.012914276237432437,0.6531171960045734,0.24635758981698783,0.006579700354945983,0.33275697122822206
Western,17,0.42774708723158544,0.4323644452701124,0.004617358038526975,0.4308111910274085,0.003064103795823059,0.6636054146670779,0.42903045331794915,0.001283366086363702,0.2779438102168746
Central,18,0.449645152331047,0.46576106050044497,0.016115908169397952,0.4644848689374219,0.014839716606374898,0.9208116880780954,0.4509178749368236,0.0012727226057765995,0.07897306142469444
Eastern,18,0.4756190063568982,0.5128391003728432,0.037220094015945004,0.4905803440758345,0.014961337718936318,0.4019693693553518,0.4973353405600496,0.02171633420315139,0.5834572635374903
Northeastern,18,0.21854872601543424,0.23844408207715556,0.019895356061721325,0.2315424634992724,0.01299373748383817,0.6531040431509606,0.2249346271701881,0.006385901154753876,0.32097445931316365
Western,18,0.3950008269344816,0.40031204054406383,0.005311213609582255,0.3989860635880038,0.0039852366535222394,0.7503438849328623,0.39643753903866424,0.0014367121041826691,0.2705054267805417
Central,19,0.4245737990187752,0.4397703263647563,0.015196527345981148,0.43848335089024254,0.013909551871467363,0.915311212541322,0.4258281882669878,0.0012543892482126395,0.08254446688074256
Eastern,19,0.4500480822017669,0.4846635830014946,0.034615500799727694,0.46268613173493134,0.012638049533164442,0.365097983307636,0.47148532197491094,0.021437239773144046,0.6192959592632178
Northeastern,19,0.19740220117269489,0.2169652057214723,0.019563004548777407,0.21026113624039347,0.012858935067698585,0.6573088011934346,0.2036578724443239,0.006255671271629015,0.3197704757483157
Western,19,0.36309871165914054,0.3686169615751684,0.00551824991602784,0.36748764087222296,0.0043889292130824265,0.7953480324141746,0.36480339300101944,0.0017046813418788997,0.3089170240237991
Central,20,0.3990133566478445,0.41295845549025806,0.013945098842413572,0.4116970320211976,0.012683675373353132,0.9095435978392737,0.4003225274942394,0.0013091708463949248,0.09388035618744583
Eastern,20,0.42382701922256416,0.4558500639422733,0.032023044719709126,0.43402263047352496,0.010195611250960801,0.31838356846454824,0.4449636168749316,0.021136597652367417,0.6600433480754733
Northeastern,20,0.17688775011683183,0.19519206967245695,0.018304319555625115,0.18884292977860995,0.011955179661778115,0.6531343394354235,0.18262796342347457,0.005740213306642733,0.31359883601238286
Western,20,0.3317028053235822,0.33794718582380995,0.006244380500227742,0.3369064427711666,0.005203637447584397,0.8333312563823766,0.3337703184018961,0.002067513078313876,0.33109979096220526
Central,21,0.372950767752496,0.3850009917121005,0.012050223959604478,0.3837228237712843,0.010772056018788279,0.8939299431196503,0.3742440379400419,0.0012932701875458807,0.1073233320709443
Eastern,21,0.39654470446998547,0.4270286608409637,0.030483956370978227,0.40541133229693105,0.008866627826945583,0.2908621085479219,0.417081460693116,0.02053675622313056,0.6736906447839643
Northeastern,21,0.15673698923406765,0.17359278483093754,0.016855795596869894,0.16771129551493874,0.010974306280871093,0.6510702041800396,0.16179624993825212,0.005059260704184471,0.3001496236181205
Western,21,0.30160275734764797,0.30856050340249913,0.006957746054851166,0.3072563852271586,0.005653627879510625,0.812565999813795,0.3038716126998752,0.0022688553522272614,0.3260905664479292
Central,22,0.34634377754640305,0.35615346519000435,0.009809687643601295,0.3547895699428395,0.008445792396436447,0.8609644571043508,0.3475367287600642,0.001192951213661142,0.12160950042474444
Eastern,22,0.3680450541341764,0.3984050794376982,0.03036002530352183,0.3768227751695511,0.00877772103537472,0.289121005256754,0.3877912453836022,0.019746191249425837,0.6504010142289056
Northeastern,22,0.13741151232467402,0.15350652292602393,0.016095010601349907,0.14809082621818845,0.010679313893514425,0.6635170462465392,0.14182342157169026,0.0044119092470162324,0.2741165791246015
Western,22,0.27206894635266,0.28052814554337363,0.00845919919071364,0.2789995977621136,0.006930651409453592,0.8193034888056472,0.27467959584259893,0.002610649489938943,0.30861662328567324
Central,23,0.3195541768620864,0.32653487952118415,0.006980702659097726,0.3250414878394897,0.0054873109774032924,0.7860685729468588,0.32053856624821997,9.84389386133544e-4,0.14101580230617913
Eastern,23,0.33829114918204584,0.3700709271040616,0.03177977792201575,0.34832348490887444,0.0100323357268286,0.31568300292868323,0.35731223526057276,0.019021086078526928,0.5985279735183386
Northeastern,23,0.11974332767168598,0.13498316890077872,0.015239841229092735,0.1301977327450344,0.010454405073348425,0.6859917315536759,0.12329662930991886,0.003553301638232878,0.23315870453096674
Western,23,0.2433409323852675,0.2532823325596651,0.009941400174397597,0.2515091100564833,0.008168177671215804,0.8216325193559325,0.24612065249513215,0.0027797201098646585,0.2796105237794732
Central,24,0.2922487594551129,0.29641482706224287,0.004166067607129953,0.2949260761360516,0.0026773166809386795,0.6426483997419117,0.29303663727714163,7.878778220287153e-4,0.18911786757380358
Eastern,24,0.3062864717288719,0.34163845931116754,0.03535198758229563,0.31984566706758155,0.01355919533870964,0.3835483169693158,0.32494929781522824,0.018662826086356332,0.5279144784408876
Northeastern,24,0.10360239419192274,0.11812957942268151,0.014527185230758771,0.11422404677195087,0.010621652580028132,0.7311569592668676,0.1065432233192222,0.0029408291272994547,0.202436265565938
Western,24,0.21536429379344132,0.22662083544468584,0.011256541651244512,0.22446349851609235,0.009099204722651022,0.8083481591919507,0.21833001062673865,0.002965716833297327,0.26346607378914116
Central,25,0.26355120427470485,0.2663246939794845,0.0027734897047796414,0.2647443609832863,0.0011931567085814443,0.4302005183308379,0.2641422459850369,5.910417103320298e-4,0.21310398568037558
Eastern,25,0.2721992950848075,0.3125898275274149,0.040390532442607374,0.2907328337121403,0.018533538627332813,0.45885848753461983,0.29024526501166326,0.018045969926855754,0.4467871264756918
Northeastern,25,0.08871117175413233,0.1033583085344054,0.014647136780273073,0.10001371596327188,0.01130254420913955,0.7716555377814143,0.09137081216605064,0.00265964041191831,0.1815809090757139
Western,25,0.1879577629384132,0.1996453566578928,0.011687593719479583,0.19702523618326429,0.009067473244851076,0.7758203666626792,0.19099172384925736,0.0030339609108441523,0.2595881567809363
Central,26,0.23386672548773324,0.2359445999644931,0.002077874476759861,0.23431602198806348,4.492965003302374e-4,0.21622889416826035,0.23429992867504765,4.332031873144071e-4,0.20848380985454115
Eastern,26,0.236478642196256,0.2808772393342224,0.04439859713796637,0.2592221238086603,0.022743481612404276,0.512256762116381,0.25333896697636693,0.01686032478011093,0.3797490431447267
Northeastern,26,0.07502071604065191,0.08935194445491548,0.01433122841426357,0.0866244612775476,0.011603745236895682,0.80968252695956755,0.07737447043663653,0.0023537543959846197,0.16423954234390525
Western,26,0.16173565102111287,0.1723003225093434,0.010564671488230537,0.16944001771724349,0.007704366696130616,0.7292575736702827,0.1647048814479822,0.002969230426869335,0.28105279280829276
Central,27,0.20388635460464383,0.2068393309179088,0.0029529763132649656,0.2051339943446054,0.0012476397399615868,0.4225024543397474,0.2041805914953868,2.9423689074298265e-4,0.0996407893355768
Eastern,27,0.2013901521921617,0.24497851681650928,0.04358836462434759,0.22464429559289645,0.023254143400734756,0.5334942845675255,0.21617331836953504,0.014783166177373352,0.3391539532344779
Northeastern,27,0.06194041274716635,0.07608250921882642,0.014142096471660072,0.07386855203928219,0.011928139292115843,0.8434491531025213,0.06425548409351767,0.0023150713463513176,0.1637007179940106
Western,27,0.13734661591172517,0.14520323849011044,0.007856622578385264,0.14247582537610254,0.005129209464377366,0.6528517073594171,0.1401286847182305,0.0027820688065053334,0.35410493233558377
Central,28,0.17573747067369874,0.17949069885926655,0.0037532281855678085,0.17766583647152026,0.0019283657978215185,0.5137885847805933,0.17605709212534448,3.1962145164574074e-4,0.08515907795714976
Eastern,28,0.16992318660192177,0.20691577469885392,0.03699258809693215,0.19015432066308643,0.02023113406116467,0.5468969623902163,0.1817535338441152,0.011830347242193423,0.31980317817164383
Northeastern,28,0.04968920171731599,0.06363225924672058,0.013943057529404598,0.06175965943274551,0.012070457715429521,0.8656966156794562,0.05180838701376422,0.0021191852964482366,0.151988564343156
Western,28,0.11537115213562785,0.12059542655952772,0.0052242744238998745,0.1182657440543064,0.002894591918678552,0.5540658249950363,0.11780124228795286,0.0024300901523250096,0.46515361850210174
Central,29,0.15062116579955248,0.15490688443481046,0.004285718635257979,0.1530465912602102,0.0024254254606577152,0.5659320331260422,0.15102418051974728,4.030147201947998e-4,0.09403667260824282
Eastern,29,0.14311870263540313,0.17138633724452473,0.0282676346091216,0.15937829913320556,0.016259596497802425,0.5752018774346144,0.15220984742807492,0.009091144792671785,0.3216096754603652
Northeastern,29,0.03826241032599875,0.05190228972480847,0.013639879398809715,0.05040741758390574,0.012145007257906987,0.8904042992467237,0.0401160261397669,0.001853615813768146,0.13589678908230685
Western,29,0.09650589544773396,0.09979398562461836,0.0032880901768844034,0.0977730656884774,0.001267170240743451,0.38538183947988475,0.0986767748940162,0.002170879446282248,0.660225033225592
Central,30,0.12883178622657973,0.13276184619696563,0.003930059970385896,0.130895621550811,0.002063835324231267,0.5251409240018841,0.1292260234264253,3.9423719984557626e-4,0.10031327837647876
Eastern,30,0.12076363385010731,0.14334090145627615,0.022577267606168835,0.13408599731893509,0.013322363468827772,0.5900786446446546,0.12807945487238576,0.007315821022278443,0.32403482785842186
Northeastern,30,0.02780077342782303,0.04133644711176258,0.013535673683939545,0.04011395256319609,0.012313179135373057,0.9096835091394814,0.02949547996207787,0.001694706534254839,0.12520296911897746
Western,30,0.080422748239427,0.08231087576262412,0.0018881275231971278,0.08055513377621394,1.3238553678694698e-4,0.07011472221048992,0.08235194695167124,0.0019291987122442428,1.0217523385166114
Central,31,0.1097419440519742,0.11315482320919526,0.003412879157221063,0.11138472734709973,0.00164278329512553,0.48134821640247183,0.11017490009748036,4.329560455061665e-4,0.12685947130302175
Eastern,31,0.10158763934047614,0.12081874675014478,0.019231107409668644,0.1130505084297472,0.011462869089271063,0.596058710769198,0.10768300929100716,0.006095369950531018,0.3169536637014729
Northeastern,31,0.01876245178147283,0.03182853353145523,0.013066081749982403,0.03072686503618855,0.011964413254715721,0.9156848612807611,0.02015219958779174,0.0013897478063189111,0.10636301172084606
Western,31,0.06629427905964075,0.06727451923350818,9.802401738674277e-4,0.0656071721186674,-6.871069409733477e-4,-0.7009577441235083,0.0680810876716803,0.0017868086120395449,1.8228273638182895
Central,32,0.09283590209550392,0.09581272526895902,0.002976823173455101,0.09412369803568896,0.0012877959401850353,0.4326074694891376,0.09324297795338668,4.070758578827577e-4,0.13674841741112828
Eastern,32,0.08418521581219308,0.10113873798239344,0.016953522170200352,0.09453449214433496,0.010349276332141874,0.6104499246966548,0.08915624892622195,0.004971033114028869,0.29321536044979396
Northeastern,32,0.01146972210428497,0.0236413490625461,0.01217162695826113,0.02265994941011775,0.011190227305832781,0.9193698873787574,0.01257164614696812,0.001101924042683151,0.09053218985940518
Western,32,0.05363455391915488,0.05429706747755578,6.625135584008984e-4,0.05275562935784463,-8.789245613102514e-4,-1.3266514325106067,0.05526924530255154,0.0016346913833966623,2.467408195150449
Central,33,0.07709422154867246,0.07990679022339427,0.0028125686747218076,0.07839328823896054,0.0012990666902880782,0.46187910075353783,0.07742558917548432,3.313676268118654e-4,0.11781672383329132
Eastern,33,0.0676843822190271,0.082910954581458,0.015226572362430899,0.07736211296218877,0.009677730743161667,0.6355816997290802,0.07176180580199078,0.004077423582963674,0.2677834174304426
Northeastern,33,0.00606576113024757,0.01638091953368523,0.01031515840343766,0.01553689240399388,0.009471131273746311,0.9181760379549706,0.00682325910836444,7.574979781168698e-4,0.07343541887484964
Western,33,0.0423611654231005,0.04287705172419026,5.158863010897644e-4,0.04147198308460673,-8.8918233849377e-4,-1.723601376147129,0.04378021308156865,0.0014190476584681547,2.7506984687721725
Central,34,0.06241347816935899,0.0648888044143493,0.0024753262449903127,0.06352710638000207,0.0011136282106430848,0.44989148921153344,0.06274905118851686,3.3557301915786847e-4,0.13556718829973127
Eastern,34,0.05253583984161429,0.06601053600826916,0.013474696166654865,0.06142515829890405,0.008889318457289755,0.6597045564031115,0.05563070773124577,0.003094867889631474,0.22967997581201005
Northeastern,34,0.00263825386981803,0.01055416992849148,0.00791591605867345,0.0098449422417578,0.00720668837193977,0.9104048499912298,0.00312289749076303,4.8464362094500016e-4,0.061223946458347965
Western,34,0.03247325625570606,0.03277669966490124,3.034434091951782e-4,0.03152680464983585,-9.464516058702091e-4,-3.1190382693777368,0.03351964180375859,0.0010463855480525308,3.4483713151913737
Central,35,0.04886202533695089,0.05066981752096577,0.0018077921840148822,0.0494323865203118,5.703611833609151e-4,0.3155015208076703,0.04913491108292237,2.728857459714795e-4,0.1509497321563998
Eastern,35,0.0388084256129252,0.04988086575445663,0.011072440141531435,0.04629947549725018,0.007491049884324981,0.6765491426074117,0.04107914902295355,0.002270723410028354,0.20507886075727197
Northeastern,35,0.00110697874312224,0.00616740285961505,0.00506042411649281,0.0056227951662914,0.00451581642316916,0.8923790416007469,0.00137128643259947,2.6430768947722995e-4,0.05223034342433963
Western,35,0.02403554096013804,0.02412316312556103,8.762216542299028e-5,0.02309039805577546,-9.451429043625809e-4,-10.78657323520784,0.02480522071731463,7.696797571765911e-4,8.7840759636675525
Central,36,0.03660996111914934,0.03741747935014504,8.075182309957019e-4,0.03634380935897311,-2.661517601762267e-4,-0.32959226177228357,0.03682977513610704,2.1981401695769787e-4,0.27220935518280315
Eastern,36,0.02703060125462689,0.03549569687995314,0.008465095625326248,0.03292941733565,0.005898816081023113,0.6968398636129726,0.02863616342146387,0.0016055621668369796,0.18966852093594638
Northeastern,36,4.001614110388847e-4,0.00313973669442142,0.002739575283382535,0.00283177798467781,0.002431616573638925,0.8875888859081196,5.250782839689234e-4,1.2491687293003867e-4,0.0455971674469937
Western,36,0.01698277523075226,0.01656126711229489,-4.215081184573699e-4,0.01578663273390224,-0.0011961424968500202,2.837768584927017,0.01745637741343405,4.736021826817899e-4,-1.1235897054962385
Central,37,0.02595489534027888,0.02582072641769997,-1.3416892257890958e-4,0.02491105676550423,-0.0010438385747746498,7.780032474813463,0.02606693216209132,1.120368218124404e-4,-0.8350430163628056
Eastern,37,0.01739283637907196,0.0233229706009148,0.005930134221842839,0.02162586927528871,0.004233032896216751,0.7138173838671228,0.01836175174728845,9.689153682164893e-4,0.16338843809767778
Northeastern,37,8.809587391279658e-5,0.0014534120302886,0.0013653161563758035,0.00126459296873405,0.0011764970948212534,0.8617030490170383,1.095229796487525e-4,2.1427105735955917e-5,0.01569387840017481
Western,37,0.01128166375825393,0.0103755088526408,-9.061549056131289e-4,0.00982546039417579,-0.0014562033640781388,1.607013718137775,0.01160101688300996,0.00031935312475603155,-0.3524266356423338
Central,38,0.01706181981248545,0.01646609534723513,-5.957244652503198e-4,0.01578382843286162,-0.001277991379623828,2.145272612040239,0.01713753928180127,7.571946931582071e-5,-0.127104850870954
Eastern,38,0.01014598003047784,0.01368282994845362,0.0035368499179757804,0.01268909638779955,0.00254311635732171,0.7190342865261282,0.01072322010620127,5.772400757234307e-4,0.1632073989879102
Northeastern,38,6.949041110092454e-6,5.183592011202549e-4,5.114101600101625e-4,4.2361969821339457e-4,4.166706571033021e-4,0.8147484928633844,5.506979079599722e-6,-1.4420620304927316e-6,-0.0028197758731740405
Western,38,0.00698819780680452,0.00574599249984034,-0.0012422053069641795,0.00543462301256572,-0.0015535747942388,1.2506586355161975,0.00722331605199371,2.3511824518919044e-4,-0.18927486774613367
Central,39,0.01009911451715686,0.00962700445203965,-4.721100651172098e-4,0.00918633020726941,-9.127843098874506e-4,1.9334142127659055,0.01012739318027487,2.8278663118009792e-5,-0.05989845421107281
Eastern,39,0.00533771782066762,0.00704763521821695,0.0017099173975493294,0.00654592367932821,0.00120820585866059,0.7065872657896825,0.00564562216064547,3.0790433997785003e-4,0.18006971589337684
Northeastern,39,0,1.6026926003387862e-4,1.6026926003387862e-4,1.1252683487394445e-4,1.1252683487394445e-4,0.7021111525077104,0,0,0
Western,39,0.00376454244936326,0.00285901490077128,-9.055275485919802e-4,0.00266546474161295,-0.0010990777077503101,1.2137429827058097,0.00395555742330712,1.9101497394386022e-4,-0.21094330508317785
Central,40,0.00535270699323358,0.00504007789007339,-3.126291031601905e-4,0.00474831909897896,-6.043878942546196e-4,1.9332425808896383,0.00537445068130368,2.174368807010031e-5,-0.06955106818369015
Eastern,40,0.00254052730171229,0.00308121526002945,5.406879583171598e-4,0.00289774478465255,3.572174829402598e-4,0.6606721630199893,0.00263248800647171,9.196070475941997e-5,0.170080918845759
Northeastern,40,0,1.7099117264798288e-5,1.7099117264798288e-5,1.522473728601032e-5,1.522473728601032e-5,0.8903814770224,0,0,0
Western,40,0.0017139605217296,0.00114310877249951,-5.708517492300899e-4,0.00103902178899647,-6.7493873273313e-4,1.1823362784530704,0.00188934291082832,1.7538238909872e-4,-0.3072293101234409
