region_name,utci_thres,yt_90pop90utci,yt_20pop20utci,cdf_percpoint_chg_20_v90,yt_90pop20utci,cdf_percpoint_chg_20utci_v90,cdf_percent_chg_20utci_v90,yt_20pop90utci,cdf_percpoint_chg_20pop_v90,cdf_percent_chg_20pop_v90
National,-40,0.9995056339055872,0.9997535617164114,2.479278108241667e-4,0.999594112153527,8.847824793978276e-5,0.35687100872492505,0.9997124380560352,2.0680415044793676e-4,0.8341305066199478
National,-39,0.9992996028648128,0.9996650832870668,3.6548042225403865e-4,0.999442804205418,1.432013406051924e-4,0.3918167209122239,0.9995925788972904,2.9297603247757653e-4,0.8016189503960197
National,-38,0.9990353037407396,0.9995480708321576,5.127670914180094e-4,0.99924475400875,2.0945026801044708e-4,0.40847057370868317,0.9994381093516528,4.02805610913215e-4,0.7855527736760443
National,-37,0.9986895744172044,0.9993945172185348,7.049428013303771e-4,0.9989840494796164,2.9447506241198074e-4,0.4177290155403298,0.9992341694509684,5.445950337640282e-4,0.7725379034104064
National,-36,0.9982469793887848,0.9991978989793788,9.509195905940127e-4,0.9986517041686468,4.0472477986197575e-4,0.42561409383642584,0.9989760543185084,7.290749297236276e-4,0.7667051314698387
National,-35,0.997708386533826,0.9989581610802,0.0012497745463739829,0.9982501046854658,5.417181516398362e-4,0.4334527000982242,0.9986567228521706,9.48336318344567e-4,0.7588059151116577
National,-34,0.9970632413243996,0.9986615795011698,0.001598338176770242,0.9977629756206904,6.997342962907771e-4,0.43778863976378796,0.9982663362752922,0.001203094950892547,0.7527161450423702
National,-33,0.9963127659607396,0.998295355996945,0.0019825900362053783,0.9971661578904066,8.533919296670467e-4,0.4304429630345641,0.997802026546709,0.001489260585969432,0.7511692073363966
National,-32,0.9954511783316508,0.9978484209410058,0.0023972426093550325,0.9964492108440433,9.980325123924993e-4,0.41632520150349556,0.997261179247743,0.0018100009160922914,0.7550345171694007
National,-31,0.99447565393796,0.9973251911047984,0.002849537166838445,0.9956161968019472,0.0011405428639872373,0.4002554791214276,0.9966395712299458,0.0021639172919858396,0.7593925487859844
National,-30,0.9934033547215324,0.9967124725584202,0.0033091178368878094,0.9946585850884648,0.001255230366932425,0.3793247713756111,0.9959396343161409,0.002536279594608448,0.766451882231487
National,-29,0.9922138214519652,0.9959982511848064,0.00378442973284121,0.9935554619599344,0.001341640507969144,0.35451589874332,0.995142808892472,0.002928987440506736,0.7739574116250695
National,-28,0.990904821384524,0.995182312610298,0.004277491225774033,0.9922987622543418,0.0013939408698178113,0.32587813656252934,0.9942513846489686,0.003346563264444602,0.7823658980946303
National,-27,0.989470634999467,0.9942544617218416,0.004783826722374651,0.9908934395130498,0.0014228045135827871,0.29741974284480754,0.9932475820231196,0.0037769470236526104,0.7895242120679835
National,-26,0.987916217115227,0.9932079463159422,0.0052917292007151895,0.9893596673169444,0.0014434502017173223,0.2727747673713607,0.9921304756674708,0.004214258552243777,0.7963859057024706
National,-25,0.9862324284510792,0.992049267316046,0.005816838864966867,0.9876948172826676,0.001462388831588446,0.25140611000864915,0.9908968254143808,0.004664396963301676,0.8018783176879776
National,-24,0.9843991483321138,0.990776060278555,0.006376911946441188,0.9859108556731974,0.0015117073410835236,0.2370594660519303,0.9895247702426292,0.005125621910515354,0.8037780595944796
National,-23,0.9824068336824414,0.9893560095644188,0.00694917588197741,0.9839799505602198,0.001573116877778391,0.2263745952751387,0.98800254107736,0.005595707394918548,0.8052332377182936
National,-22,0.9802576401674038,0.9877779350927226,0.0075202949253188045,0.9819012950306248,0.0016436548632210446,0.21856255366891292,0.9863122758767002,0.00605463570929643,0.8051061520090262
National,-21,0.9778984830921564,0.9860329005064632,0.00813441741430676,0.979658927156535,0.0017604440643785857,0.21641919448125788,0.9844169276956914,0.006518444603535012,0.8013412972968923
National,-20,0.9753094904433992,0.9840953847879014,0.008785894344502165,0.9772351823085054,0.0019256918651061605,0.21917994794817622,0.9822974911650928,0.006988000721693588,0.7953658953418189
National,-19,0.9724708632308308,0.981929835439584,0.009458972208753247,0.9745625589413844,0.002091695710553676,0.2211335084183924,0.9799201204720648,0.00744925724123402,0.7875334737045262
National,-18,0.9693030961895978,0.979471493914104,0.010168397724506284,0.9716068298743548,0.0023037336847570034,0.22655818027307334,0.97722522603106865,0.007922129841470893,0.7790932314122817
National,-17,0.9657039837421344,0.97662747385189,0.010923490109755574,0.968270005581083,0.0025660218389486067,0.23490860642213046,0.9740979199876352,0.008393936245500777,0.7684298846944808
National,-16,0.9616048386390368,0.9733566117325384,0.011751773093501616,0.9645007217536916,0.002895883114654829,0.2464209521077434,0.9704668728621884,0.008862034223151571,0.7541018834044724
National,-15,0.9569623487232284,0.9695815919900578,0.012619243266829394,0.9602170484817554,0.003254699758526991,0.25791560474012004,0.9662810182818512,0.009318669558622816,0.7384491574956497
National,-14,0.9517127445957952,0.9651985215638752,0.013485776968079954,0.9552918830357184,0.0035791384399231907,0.26540098122598366,0.9614885005329064,0.009775755937111108,0.7248937870060992
National,-13,0.9458152484393596,0.9601494341231264,0.014334185683766765,0.949721853421207,0.003906604981847361,0.2725376291358866,0.9560455259991408,0.010230277559781231,0.7136978538911252
National,-12,0.9393195247656831,0.954501246621236,0.015181721855552888,0.9435759823387752,0.0042564575730920096,0.2803672477726999,0.949982484432478,0.010662959666794869,0.7023550930683643
National,-11,0.9322865787765048,0.9482921512031252,0.016005572426620374,0.936838039624587,0.004551460848082223,0.2843672645229645,0.9433647572907238,0.011078178514218995,0.6921450991527072
National,-10,0.9247570127283964,0.9416553847764054,0.016898372048009036,0.9296687130205564,0.004911700292160037,0.2906611523409282,0.9362482287289764,0.011491216000580007,0.6800191147367891
National,-9,0.9166062685596504,0.9345353100843548,0.017929041524704314,0.9220189730412858,0.005412704481635333,0.3018959197666647,0.9285432275006,0.011936958940949594,0.6657890174721126
National,-8,0.907907473866813,0.9268954943113352,0.01898802044452219,0.9138494819807332,0.005942008113920205,0.31293457531716534,0.920259705532519,0.012352231665705982,0.650527615650922
National,-7,0.8985589167334039,0.9187462991144127,0.02018738238100881,0.9051849793348236,0.0066260626014196244,0.328227923579288,0.9113741731436574,0.012815256410253495,0.6348151616877971
National,-6,0.8884874245704061,0.9099666743006846,0.021479249730278482,0.8959013422393662,0.007413917668960157,0.3451665100997005,0.901778297090946,0.013290872520539954,0.6187773170589062
National,-5,0.8776421012006606,0.9005418570943555,0.022899755893694973,0.8859777372346044,0.008335636033943827,0.36400545371048654,0.8914189317282546,0.013776830527594042,0.6016147329931687
National,-4,0.8660070597295759,0.8904029672814233,0.024395907551847396,0.8753390552347686,0.009331995505192703,0.38252299019251,0.8802850104795986,0.014277950750022694,0.5852600777273189
National,-3,0.8535349388923136,0.8795261333763924,0.025991194484078828,0.8639714555703991,0.010436516678085539,0.4015404788140281,0.8683198438760312,0.01478490498371765,0.5688428437859713
National,-2,0.8402389330296809,0.867807215157569,0.02756828212788809,0.8517582466252767,0.01151931359559577,0.41784662323746413,0.855558719245083,0.015319786215402087,0.5557033312534401
National,-1,0.8261570515890189,0.8552305489654661,0.029073497376447266,0.8387216762177675,0.012564624628748633,0.43216763590772406,0.8419841509970561,0.015827099408037282,0.5443823700707908
National,0,0.811261335730797,0.8417583089650239,0.030496973234226954,0.8248400305333938,0.01357869480259688,0.44524729383168493,0.8275586194998863,0.016297283769089344,0.5343902046908312
National,1,0.7955349689926942,0.8272819799131893,0.031747010920495145,0.8099586832022915,0.014423714209597316,0.4543329841577525,0.8122457331545818,0.01671076416188766,0.5263728356580358
National,2,0.7789461348859181,0.811847787666143,0.03290165278022483,0.7941231453326943,0.015177010446776218,0.46128413512096234,0.7960325976474436,0.01708646276152548,0.5193192839174057
National,3,0.7614106166504147,0.7954326425531086,0.034022025902693986,0.777301177008269,0.0158905603578543,0.4670668467334283,0.7788830866917446,0.0174724700413299,0.513563480649351
National,4,0.74291359863551,0.7781310902368767,0.03521749160136667,0.7595943546528903,0.016680756017380283,0.47364974786372804,0.7607353682400282,0.0178217696045182,0.5060488068328693
National,5,0.7236139671010131,0.7598849168517903,0.03627094975077716,0.7409166427365709,0.017302675635557763,0.47703949729596,0.7417610745235538,0.018147107422540665,0.5003207125049665
National,6,0.7034541575278542,0.7408513787952195,0.03739722126736522,0.721427024579425,0.01797286705157075,0.48059364954087697,0.7219228462676275,0.018468688739773254,0.49385189898828125
National,7,0.6825684887971184,0.7210875100565347,0.03851902125941631,0.7012422510568128,0.018673762259694415,0.4847932696402418,0.7012485383425293,0.018680049545410915,0.4849564951197823
National,8,0.6610215201444253,0.700682836432269,0.03966131628784375,0.6804250386656254,0.019403518521200147,0.4892303215651809,0.6799012468895232,0.01887972674509797,0.4760237055189374
National,9,0.6388062759882793,0.6797664245948384,0.040960148606559055,0.6591756414386591,0.020369365450379817,0.49729715695216054,0.6578519504347183,0.01904567444643901,0.4649805992986358
National,10,0.6160537731370996,0.6583606504071394,0.04230687727003979,0.6375266601694994,0.0214728870323998,0.5075507439450306,0.6352044978798523,0.0191507247427527,0.4526622142427552
National,11,0.5928450209886236,0.6364461172781226,0.04360109628949904,0.6154316564393739,0.022586635450750348,0.5180290720394145,0.6120364473109008,0.019191426322277216,0.4401592610160885
National,12,0.5691795810746705,0.6138102530121494,0.04463067193747894,0.5927303787470231,0.023550797672352575,0.5276818978962228,0.5882935665899396,0.019113985515269105,0.4282701712859043
National,13,0.5450470920409596,0.5904536391441013,0.04540654710314174,0.5693771744605725,0.024330082419612875,0.5358276277724153,0.5641106762401101,0.01906358419915055,0.4198421905071817
National,14,0.5204286365178674,0.5663326881247769,0.04590405160690947,0.5452998852280502,0.02487124871018276,0.5418094446904801,0.5393777873254613,0.01894915080759385,0.4127990916762918
National,15,0.4951726472346607,0.541330731003881,0.04615808376922026,0.520457767039972,0.02528511980531134,0.5477939667454804,0.5139338469562877,0.018761199721627042,0.4064553419381251
National,16,0.4692382160912016,0.5156038690799677,0.046365652988766104,0.4950026488679265,0.02576443277672491,0.5556792823120027,0.4877246005818324,0.018486384490630836,0.39870859783016294
National,17,0.4427545681045444,0.4891966192956926,0.04644205119114819,0.46891359133996136,0.026159023235416967,0.5632615822188932,0.46100884834254063,0.018254280237996245,0.39305499584556447
National,18,0.4157429453782347,0.4621513941547043,0.0464084487764696,0.4422377705211215,0.026494825142886813,0.5709052088877498,0.4337775210256981,0.018034575647463413,0.3886054398053368
National,19,0.38839203980258113,0.4344937143274566,0.04610167452487546,0.414923566654684,0.02653152685210286,0.5755002855218855,0.4062131835607318,0.017821143758150693,0.3865617451386672
National,20,0.36087589843486523,0.4065456322103177,0.04566973377545247,0.38729257977547565,0.026416681340610426,0.5784286256297255,0.37845862819917137,0.017582729764306138,0.3849974219415501
National,21,0.33331830510090504,0.37842078563794224,0.04510248053703719,0.35949308945748887,0.026174784356583825,0.5803402394928069,0.350468851612154,0.017150546511248976,0.38025727869147496
National,22,0.3055171200393536,0.3502735628334214,0.04475644279406782,0.33167198085483623,0.026154860815482628,0.5843820282104566,0.3221424752363272,0.016625355196973612,0.3714628366125915
National,23,0.27742252677526746,0.3219251544535467,0.04450262767827923,0.3037186970937636,0.026296170318496126,0.5908902842456362,0.29342559481553776,0.016003068040270296,0.3595982726224737
National,24,0.2490222118361043,0.2935200952456795,0.04449788340957522,0.27577049920157637,0.02674828736547208,0.6011137006061794,0.26430574097975335,0.015283529143649055,0.3434664296945029
National,25,0.220330924442548,0.26483310695207,0.04450218250952201,0.2476025728312034,0.027271648388655395,0.6128159755495173,0.23465130989832675,0.014320385455778739,0.32179063246425377
National,26,0.19184204370724345,0.23536015106736827,0.04351810736012482,0.21895013007511008,0.02710808636786663,0.6229151039023697,0.2048467982103419,0.013004754503098459,0.29883548003318217
National,27,0.16442009326795848,0.2054496529609807,0.041029559693022216,0.19031919843232412,0.025899105164365638,0.6312303948211813,0.1758264377171016,0.011406344449143124,0.27800309178270244
National,28,0.1394234486115872,0.17611011630751605,0.03668666769592885,0.16299572618333516,0.023572277571747957,0.6425298085703159,0.14914790442127246,0.009724455809685256,0.26506784127369487
National,29,0.11745836113588436,0.14913688556852964,0.03167852443264528,0.13841178556791606,0.0209534244320317,0.6614394075261544,0.12560212736411666,0.008143766228232305,0.2570753017725791
National,30,0.09845450477645046,0.12586174424654914,0.027407239470098682,0.1170209668465064,0.01856646207005594,0.6774291183288256,0.10551449801822244,0.007059993241771978,0.2575959264147867
National,31,0.081752103588279,0.1059906518397435,0.0242385482514645,0.09848154349674126,0.016729439908462262,0.690199748553483,0.08799996438264243,0.00624786079436343,0.2577654705036195
National,32,0.06668081297545737,0.08858552343794387,0.0219047104624865,0.0821167164804818,0.015435903505024426,0.7046842062331569,0.0721524170659409,0.005471604090483528,0.24979120814466232
National,33,0.05292160819952713,0.07264788755348527,0.019726279353958133,0.06714981118073253,0.014228202981205397,0.7212816327854785,0.05759142352070866,0.004669815321181527,0.23673066965081355
National,34,0.04056957248817764,0.05798491435312977,0.017415341864952125,0.05341864833302832,0.012849075844850677,0.737802102565042,0.04434465998879498,0.0037750875006173357,0.2167679239311742
National,35,0.02982772470213839,0.044463955713527,0.014636231011388612,0.04087344712985903,0.011045722427720638,0.7546835260475077,0.03269484416891268,0.002867119466774294,0.1958919249459343
National,36,0.0208506624970894,0.03236499667967279,0.01151433418258339,0.02970709362874166,0.00885643113165226,0.7691657191128358,0.02287662417097463,0.0020259616738852286,0.17595126576660447
National,37,0.01373589249476686,0.02212802078611096,0.008392128291344099,0.02026476847350456,0.0065288759787377,0.7779761881705008,0.01507100191907799,0.0013351094243111289,0.15909068331190815
National,38,0.00849196776736008,0.01397737808129438,0.0054854103139343,0.01279845132576943,0.00430648355840935,0.7850795677890887,0.00928285118073502,7.908834133749411e-4,0.14417944476567257
National,39,0.00481754869526375,0.00810318235118595,0.0032856336559222007,0.00743764577643797,0.00262009708117422,0.7974404195828765,0.00522609638847447,4.0854769321072015e-4,0.12434365361285245
National,40,0.00246913494205871,0.00416592259304322,0.0016967876509845102,0.00383927238352043,0.00137013744146172,0.8074890459432204,0.00263549823088782,1.6636328882911004e-4,0.09804602758193268
Central region,-40,0.9999822359443042,0.9999569493612068,-2.5286583097416937e-5,0.999949574628254,-3.266131605028644e-5,1.2916460845839959,0.9999856983997552,3.4624554509088412e-6,-0.13692856158420771
Eastern region,-40,0.9999316131935208,0.9998868313333192,-4.478186020151487e-5,0.9998406073035748,-9.100588994592762e-5,2.03220432417073,0.999958335111932,2.6721918411243273e-5,-0.5967130059134822
Northeastern region,-40,0.9959998652284132,0.9980477265162592,0.0020478612878459534,0.9979220539111004,0.0019221886826872314,0.9386322667923905,0.99610422805993,1.0436283151682435e-4,0.05096186550144643
Western region,-40,0.9994975331709872,0.9996298730941996,1.3233992321237675e-4,0.9994116120846152,-8.592108637206497e-5,-0.6492453999250124,0.9996524246112516,1.5489144026437085e-4,1.1704060007334585
Central region,-39,0.9999713768423328,0.9999452348190184,-2.6142023314412732e-5,0.9999375568163704,-3.382002596241662e-5,1.2937034580552462,0.9999768374299716,5.460587638728143e-6,-0.20888159929524613
Eastern region,-39,0.9999113443173522,0.9998595535687206,-5.179074863159716e-5,0.9998036123739285,-1.0773194342372783e-4,2.08013875586269,0.9999455250284895,3.418071113736598e-5,-0.6599771588648667
Northeastern region,-39,0.994203179403228,0.997109778099318,0.0029065986960900014,0.996873209377616,0.002670029974388033,0.9186097750541882,0.9944464506649549,2.4327126172685176e-4,0.08369619860289065
Western region,-39,0.999317674620815,0.999510270419952,1.9259579913699643e-4,0.9992348785098522,-8.279611096284611e-5,-0.42989572635461243,0.9995094935673202,1.918189465052178e-4,0.9959664092609516
Central region,-38,0.9999594326156762,0.9999286770186752,-3.0755597001053125e-5,0.9999195536165622,-3.987899911406245e-5,1.2966420099956741,0.9999649818315262,5.5492158499426125e-6,-0.18042946296092374
Eastern region,-38,0.999884884176102,0.9998243476494116,-6.053652669035792e-5,0.9997576974653024,-1.271867107995872e-4,2.100991215603474,0.9999287030147296,4.3818838627585066e-5,-0.723841307442642
Northeastern region,-38,0.9918846623225536,0.9958550800880862,0.003970417765532641,0.9954457196463472,0.003561057323793637,0.896897388155806,0.99229652858711,4.118662645564708e-4,0.10373373505727751
Western region,-38,0.9990891716560416,0.9993540645832768,2.648929272351941e-4,0.9990179142402014,-7.125741584024237e-5,-0.26900459964706447,0.9993280215498436,2.388498938019623e-4,0.9016846780129067
Central region,-37,0.9999427970815536,0.9999081250408436,-3.4672040710059804e-5,0.9998972325520666,-4.556452948700773e-5,1.3141577061481577,0.9999495348925036,6.737810949952738e-6,-0.19432980614832454
Eastern region,-37,0.9998517570810592,0.9997850949314688,-6.666214959039074e-5,0.9997049602665494,-1.4679681450979754e-4,2.2021014235484255,0.9999076808307298,5.592374967056113e-5,-0.8389130865744309
Northeastern region,-37,0.9888245158275044,0.9941050997216224,0.005280583894118007,0.993470062467118,0.004645546639613585,0.8797410916599991,0.9894352916329278,6.10775805423347e-4,0.11566444500648582
Western region,-37,0.9987970575818672,0.9991538764023528,3.5681882048554936e-4,0.9987485613399142,-4.849624195302216e-5,-0.13591279150306532,0.9990899876233632,2.929300414959979e-4,0.820948965352743
Central region,-36,0.999918331627784,0.9998848555303892,-3.347609739479118e-5,0.9998695856660637,-4.874596172033119e-5,1.4561423079117928,0.9999271139495832,8.782321799238879e-6,-0.2623460463645739
Eastern region,-36,0.9998091003343073,0.9997352128648248,-7.388746948244762e-5,0.9996396782096388,-1.6942212466841688e-4,2.2929750586283655,0.9998809056800247,7.180534571749053e-5,-0.971820340044915
Northeastern region,-36,0.9849033433617655,0.991800127919958,0.006896784558192426,0.9908884487080424,0.005985105346276831,0.8678109770976322,0.9858482154036834,9.448720419178436e-4,0.13700182076812395
Western region,-36,0.9984275909168492,0.9989033453490668,4.7575443221758995e-4,0.9984193409519664,-8.249964882800498e-6,-0.01734080509633027,0.9987868469271816,3.592560103323761e-4,0.7551290876215475
Central region,-35,0.9998777957222048,0.9998557852979196,-2.2010424285179297e-05,0.9998353038557634,-4.2491866441451975e-5,1.9305337276057801,0.9998943045534292,1.6508831224393283e-5,-0.750046024124555
Eastern region,-35,0.9997569427134706,0.9996759286479858,-8.101406548477463e-5,0.9995614542323552,-1.954884811153912e-4,2.4130190226304626,0.9998461546024812,8.921188901056532e-5,-1.1011901263902295
Northeastern region,-35,0.980219656124541,0.989016110846319,0.008796454721778035,0.9877595737136872,0.007539917589146183,0.8571541408016402,0.9815296626293992,0.001310006504858241,0.14892437309032702
Western region,-35,0.9979652859971344,0.9985927558035522,6.27469806417813e-4,0.9980241970639068,5.891106677236024e-5,0.09388669569406047,0.9984017903571484,4.365043600139673e-4,0.6956579512661241
Central region,-34,0.9998322260440302,0.9998205879835556,-1.1638060474661316e-5,0.9997965940713008,-3.563197272937746e-5,3.0616761965583787,0.9998546177276402,2.2391683609956914e-5,-1.9240047479310374
Eastern region,-34,0.9996787203208352,0.9995995701888656,-7.915013196957421e-5,0.9994632621152664,-2.1545820556878592e-4,2.7221458790695303,0.9997940336916816,1.1531337084647042e-4,-1.456894233490319
Northeastern region,-34,0.974694370793476,0.9855929548775184,0.010898584084042429,0.9839372372940124,0.009242866500536406,0.8480795697185745,0.97644739214963,0.001753021356153961,0.16084854166705131
Western region,-34,0.9974029926909485,0.9982086509584012,8.056582674527135e-4,0.9975530472347448,1.5005454379635186e-4,0.1862508582836072,0.997914639043566,5.116463526175785e-4,0.6350662225999048
Central region,-33,0.9997681672813412,0.9997756207002724,7.45341893115814e-6,0.9997452451482356,-2.2922133105618414e-5,-3.0753850437408174,0.9998012362983816,3.30690170403658e-5,4.436758130168246
Eastern region,-33,0.9995859353856836,0.9995111789371722,-7.475644851140384e-5,0.9993510961362188,-2.3483924946487988e-4,3.1413911995706427,0.9997246390300436,1.3870364435997207e-4,-1.8554070869058648
Northeastern region,-33,0.968325886297188,0.9813550595948746,0.013029173297686603,0.9791979892926608,0.01087210299547281,0.8344430415553079,0.9705281016515732,0.0022022153543852507,0.16902187913766298
Western region,-33,0.9967461226060496,0.9977297812593824,9.836586533328306e-4,0.996985987635204,2.3986502915440688e-4,0.24384986432203548,0.9973326778248148,5.865552187652723e-4,0.5962995565361082
Central region,-32,0.9996864036495312,0.9997171906276756,3.0786978144403676e-5,0.9996772620023338,-9.141647197452585e-6,-0.2969322664463681,0.9997273135476716,4.090989814042878e-5,1.3288052483924995
Eastern region,-32,0.9994660376414536,0.999394549760524,-7.148788092958824e-5,0.9992064504207944,-2.595872206592187e-4,3.6312059790231896,0.9996297886904062,1.637510489526095e-4,-2.2906127139772905
Northeastern region,-32,0.96121686157317,0.9762406951370108,0.01502383356384085,0.973569989902368,0.012353128329197993,0.822235435230681,0.9639499078271024,0.0027330462539324474,0.18191403960373367
Western region,-32,0.9959602969717908,0.9971518352602464,0.0011915382884556402,0.9963045437864572,3.442468146663824e-4,0.2889095700924246,0.9966386440837632,6.783471119724549e-4,0.5693036627901102
Central region,-31,0.9995794354390172,0.9996500454956332,7.061005661601616e-5,0.9996014499440738,2.201450505667779e-5,0.31177577404299006,0.9996364100316324,5.6974592615222086e-5,0.8068906235984917
Eastern region,-31,0.9992975908678072,0.9992579087492148,-3.968211859239901e-5,0.9990423152804868,-2.552755873204138e-4,6.433013064209507,0.9995022408744112,2.0465000660396804e-4,-5.157234892271305
Northeastern region,-31,0.9534345991674442,0.9702690462524608,0.01683444708501658,0.9669941125245226,0.01355951335707839,0.8054623527936935,0.9566794062452414,0.003244807077797174,0.19274806362278443
Western region,-31,0.9950492072240924,0.9964718676723192,0.001422660448226809,0.9955151538973336,4.659466732411799e-4,0.32751783731805545,0.9958286938037983,7.794865797059458e-4,0.5479076758459763
Central region,-30,0.999439264605862,0.999566398458778,1.271338529160726e-4,0.9995140040306556,7.473942479363505e-5,0.5878798060417021,0.9995103408383624,7.107623250046657e-5,0.559066140687072
Eastern region,-30,0.9990954935805444,0.9990953603794764,-1.3320106795333686e-7,0.9988435348763284,-2.519587042160154e-4,1891.566697530397,0.9993393115826692,2.438180021248071e-4,-1830.4508054711819
Northeastern region,-30,0.945185700049908,0.9634439933491696,0.018258293299261652,0.9595260050750636,0.014340305025155597,0.7854132251088061,0.948965640444878,0.003779940394969983,0.20702594338994654
Western region,-30,0.9940066159005948,0.9956595608300072,0.00165294492941237,0.9945944350866583,5.878191860635429e-4,0.35561934073176626,0.9948965817552596,8.899658546648315e-4,0.5384122839356897
Central region,-29,0.9992496773717232,0.9994518029011068,2.0212552938358996e-4,0.9993925493739098,1.4287200218654483e-4,0.7068478812263496,0.9993349285209144,8.525114919122334e-5,0.42177328836791983
Eastern region,-29,0.9988328577054808,0.9989059171723134,7.305946683255904e-5,0.9986066143629748,-2.2624334250598288e-4,-3.096701253302293,0.9991305333822458,2.9767567676497464e-4,4.0744299085456115
Northeastern region,-29,0.936405304154202,0.9556248011460384,0.01921949699183645,0.951063518260943,0.014658214106741063,0.7626741799208997,0.9406801192661652,0.004274815111963259,0.22242075917902548
Western region,-29,0.9928270182933692,0.9947095803105686,0.001882562017199385,0.9935255710242872,6.985527309180117e-4,0.3710649235116417,0.9938249987915496,9.979804981804508e-4,0.5301182585554912
Central region,-28,0.999000451374098,0.999314799218761,3.143478446629988e-4,0.9992325879171678,2.3213654306986076e-4,0.7384702870119123,0.9991052326501814,1.0478127608337662e-4,0.33332907434345194
Eastern region,-28,0.9985142626804708,0.9986842194448962,1.6995676442532748e-4,0.9983252281821604,-1.890344983104253e-4,-1.1122505123559223,0.9988757578837008,3.6149520322992235e-4,2.1269833210360365
Northeastern region,-28,0.927149193536822,0.9469424620057674,0.019793268468945358,0.9416165423738206,0.014467348836998628,0.7309226800867765,0.931920311860664,0.004771118323842027,0.24104752235982005
Western region,-28,0.9914929035790492,0.9936009488396916,0.002108045260642455,0.9922900386141116,7.971350350624018e-4,0.37813943084858825,0.992612760891148,0.0011198573120988486,0.5312302031681982
Central region,-27,0.998686663051645,0.9991490098126392,4.6234676099421446e-4,0.9990437321286084,3.5706907696342327e-4,0.7722971308279403,0.9988099577390638,1.2329468741878458e-4,0.26667146354319854
Eastern region,-27,0.998124351773993,0.9984200461638258,2.956943898329012e-4,0.9979907322579532,-1.336195160397402e-4,-0.4518838389705312,0.9985469467780892,4.2259500409624895e-4,1.4291613863051649
Northeastern region,-27,0.9174752208949816,0.9373185768169672,0.019843355921985606,0.931271350986745,0.013796130091763392,0.6952518589095033,0.9228180526776226,0.005342831782641055,0.26925041326912963
Western region,-27,0.989991239990949,0.9923296218335445,0.002338381842595494,0.9908811439714472,8.899039804982634e-4,0.38056401409211754,0.991227343254362,0.0012361032634130575,0.5286148057158369
Central region,-26,0.9983259260422844,0.998935486316139,6.095602738546146e-4,0.9988129753239652,4.8704928168075146e-4,0.7990174271050297,0.9984656125210152,1.3968647873074946e-4,0.2291594198674205
Eastern region,-26,0.9976483339168564,0.998099225809225,4.5089189236868776e-4,0.9975919675563416,-5.636636051475907e-5,-0.12501080961701816,0.9981495091003568,5.011751835004574e-4,1.1115196169698562
Northeastern region,-26,0.90756858791668,0.926955592817619,0.01938700490093892,0.9203239733399172,0.012755385423237176,0.6579348119223629,0.9134481108841964,0.005879522967516371,0.3032713406510576
Western region,-26,0.9882871861375296,0.990880127102302,0.002592940964772361,0.9893128277421164,0.0010256416045867356,0.39555146782016243,0.9896321501148786,0.0013449639773489563,0.5187021207276244
Central region,-25,0.9978932016525192,0.9986811416189983,7.879399664791897e-4,0.9985318221928632,6.386205403440259e-4,0.8104939050085519,0.9980573371403556,1.641354878364476e-4,0.20830963629103155
Eastern region,-25,0.997063868568174,0.9976961931115852,6.323245434112224e-4,0.997106637950384,4.276938221003945e-5,0.06763833960850237,0.9976686079431264,6.047393749524232e-4,0.9563749837860405
Northeastern region,-25,0.8973472104252002,0.9162039756647754,0.018856765239575246,0.9088926443416696,0.01154543391646945,0.6122701200224262,0.9035678778448216,0.006220667419621462,0.32989048442762414
Western region,-25,0.9864223918281136,0.9892503830616752,0.0028279912335615887,0.9875775550711192,0.0011551632430055747,0.4084748316389777,0.9878838772270014,0.0014614853988877963,0.5167927614284692
Central region,-24,0.9973723552174372,0.9983760300610716,0.0010036748436343945,0.9982019107130122,8.295554955750628e-4,0.8265181705373522,0.9975735263725904,2.011711551532791e-4,0.20043458937838945
Eastern region,-24,0.9963765823305596,0.99718943935525,8.12857024690361e-4,0.9965002087170368,1.236263864772269e-4,0.15208872252081415,0.997085342418392,7.08760087832383e-4,0.871936965916446
Northeastern region,-24,0.8867858325910859,0.9051981380564088,0.01841230546532291,0.897350519519035,0.010564686927949096,0.5737840352391642,0.8933282770803521,0.006542444489266219,0.3553299993630906
Western region,-24,0.9843452572381608,0.9874503793947814,0.003105122156620621,0.9856515718296028,0.001306314591442037,0.4206966829490955,0.9859223712020628,0.0015771139639020326,0.5079072205064047
Central region,-23,0.9967482356782972,0.9980117355884088,0.001263499910111654,0.9978078029522084,0.0010595672739112105,0.838597031492925,0.9969698796335956,2.2164395529844505e-4,0.1754206340061066
Eastern region,-23,0.9955528031287408,0.9965575704071205,0.0010047672783796147,0.9957315866831884,1.787835544475591e-4,0.17793528739897146,0.9963877025838928,8.348994551519162e-4,0.8309381417141253
Northeastern region,-23,0.8759344505807177,0.893831422541592,0.017896971960874253,0.885657856647632,0.009723406066914242,0.5432989495748901,0.8828220138099467,0.00688756322922901,0.38484517069627
Western region,-23,0.982062759726345,0.9854212143014196,0.0033584545750745542,0.98351251241411,0.001449752687764927,0.4316725611013345,0.9837528968408824,0.00169013711453736,0.5032484664467557
Central region,-22,0.9960220000153446,0.9975466432531384,0.0015246432377937769,0.9973053964932792,0.0012833964779346285,0.8417683862827854,0.9962642466766674,2.4224666132277584e-4,0.15888744023376708
Eastern region,-22,0.9945588804483614,0.9957778756143404,0.0012189951659790088,0.9948395331569364,2.8065270857502433e-4,0.2302328314400036,0.9955392540514568,9.803736030954413e-4,0.8042473263690723
Northeastern region,-22,0.8649912677874516,0.8821602267810236,0.01716895899357196,0.8736988693615205,0.008707601574068913,0.5071712022452282,0.8721259911726149,0.0071347233851633,0.41555946332183175
Western region,-22,0.9795648305982686,0.9831863996036126,0.0036215690053440497,0.9811906224033554,0.001625791805086818,0.4489191846649261,0.9813326849085884,0.001767854310319783,0.48814596869785076
Central region,-21,0.9951269066593492,0.9969473297192298,0.001820423059880616,0.996677443789702,0.0015505371303528026,0.8517454895646551,0.9953941339841996,2.6722732485040535e-4,0.14679407811277134
Eastern region,-21,0.9933664902554684,0.9948489085734368,0.0014824183179683592,0.99376381594064,3.9732568517159006e-4,0.2680253477413321,0.9945088538282744,0.001142363572805949,0.7706081063350241
Northeastern region,-21,0.8537646506521513,0.8701844798742044,0.016419829222053095,0.8615813489710434,0.00781669831889209,0.4760523518961855,0.8610787996731848,0.007314149021033445,0.44544610800275436
Western region,-21,0.9768222418434046,0.9807498380361326,0.003927596192727978,0.9786871069637813,0.0018648651203766464,0.4748108076460307,0.9786597267674532,0.0018374849240485602,0.4678395725738557
Central region,-20,0.9940660050735232,0.9962186484186978,0.0021526433451746207,0.9959195785641792,0.0018535734906560686,0.8610685531400503,0.994370930750448,3.0492567692486094e-4,0.14165174068820285
Eastern region,-20,0.9918968475213384,0.993732997189354,0.0018361496680155964,0.99246108606025,5.642385389115212e-4,0.30729441544997654,0.9932172746977874,0.0013204271764489794,0.7191282929980432
Northeastern region,-20,0.8422070400444135,0.8578999181322646,0.015692878087851136,0.8493485316156262,0.007141491571212688,0.45507850957826373,0.8496512374076072,0.007444197363193683,0.4743678834130951
Western region,-20,0.9738652849189524,0.97806912613604,0.004203841217087612,0.9759829399796762,0.002117655060723811,0.5037428749963363,0.9757624720566346,0.0018971871376821658,0.45129847672898604
Central region,-19,0.9928267714241946,0.995324018563302,0.0024972471391073725,0.9949992044544556,0.002172433030260934,0.8699311318612456,0.9931434501403236,3.166787161289486e-4,0.1268111238049686
Eastern region,-19,0.9900832396676592,0.992333389993694,0.0022501503260348166,0.9908316865767856,7.484469091263435e-4,0.33262084780142054,0.9916114884106748,0.0015282487430156033,0.6791762867277681
Northeastern region,-19,0.8303777056149724,0.8454531140944253,0.015075408479452879,0.8367949225897799,0.006417216974807571,0.4256745005320391,0.8378619018995243,0.007484196284551881,0.49645064641216935
Western region,-19,0.9706977708106302,0.975162416103331,0.004464645292700742,0.9730486164371176,0.0023508456264873523,0.5265470093068211,0.9726405180406326,0.0019427472300023174,0.43514033089672743
Central region,-18,0.9913152492357128,0.9942303450792414,0.002915095843528559,0.9938809257409376,0.0025656765052247676,0.8801345283107951,0.9916403169056124,3.2506766989959246e-4,0.11151182923238516
Eastern region,-18,0.9877998005343034,0.9905577652072292,0.0027579646729257723,0.9888347486548053,0.0010349481205018662,0.37525793229394305,0.9896050876839784,0.0018052871496749834,0.6545722530085398
Northeastern region,-18,0.8182514850384006,0.8324770002748936,0.014225515236492958,0.8237632376974435,0.005511752659042912,0.3874553973907053,0.8256282053234647,0.007376720285064087,0.5185555786507092
Western region,-18,0.9672920091379936,0.9720133008081948,0.004721291670201189,0.9698919973522468,0.002599988214253224,0.5506942582393836,0.9692826433959606,0.0019906342579669722,0.4216291635890704
Central region,-17,0.9894710841483552,0.9928707968405702,0.0033997126922150622,0.9924970996956206,0.003026015547265448,0.8900797865050961,0.9897869459111128,3.158617627576632e-4,0.09290836942808404
Eastern region,-17,0.9848958928046484,0.9882882657212504,0.0033923729166019934,0.986324286313236,0.0014283935085875887,0.42106028544124635,0.9870146609929618,0.002118768188313358,0.624568182921247
Northeastern region,-17,0.8054898628444419,0.8188206353368952,0.013330772492453291,0.8101464131836748,0.0046565503392328456,0.349308364677964,0.8128739613678084,0.007384098523366522,0.5539137756305381
Western region,-17,0.9636217127751008,0.9685441652121805,0.004922452437079672,0.9664403807878984,0.0028186680127976205,0.5726145755244398,0.9656152346322944,0.001993521857193592,0.4049854991338997
Central region,-16,0.9872108954145564,0.991187528526452,0.003976633111895556,0.9907934638741946,0.0035825684596382246,0.9009049512064514,0.987519334180638,3.084387660815535e-4,0.07756279178959231
Eastern region,-16,0.9811949057450456,0.985430442055079,0.004235536310033372,0.9831640554369432,0.0019691496918975426,0.4649115360510338,0.9836631436662312,0.0024682379211855565,0.5827450741807262
Northeastern region,-16,0.792219130892976,0.8044906992900459,0.012271568397069887,0.7959723886663684,0.0037532577733924155,0.3058498842159891,0.7994956715047405,0.007276540611764526,0.5929593004185156
Western region,-16,0.9597009183706154,0.9647918850468942,0.00509096667627873,0.962718724033038,0.0030178056624226013,0.5927765499790077,0.9616970546119802,0.001996136241364743,0.39209375513410943
Central region,-15,0.9844662804346336,0.9890600484160892,0.00459376798145561,0.9886833408933434,0.004217060458709843,0.9179959622979476,0.9847573155491856,2.9103511455197406e-4,0.06335433476981023
Eastern region,-15,0.9766180540243322,0.981860586992561,0.005242532968228741,0.9792236965627986,0.0026056425384664017,0.4970197715984516,0.9794765816954434,0.0028585276711111662,0.5452569756708573
Northeastern region,-15,0.7784188998513523,0.7895197732807543,0.011100873429402025,0.781074193006229,0.002655293154876781,0.23919677778181953,0.7855794691543532,0.007160569303000908,0.6450455766872597
Western region,-15,0.95554530818642,0.9607650795436564,0.005219771357236391,0.9587272283156278,0.003181920129207816,0.6095899439726579,0.9575144813941197,0.001969173207699626,0.3772527708459255
Central region,-14,0.9811667781812492,0.9863171625040736,0.005150384322824442,0.9859625789210894,0.004795800739840206,0.9311539565284743,0.9813809429403454,2.1416475909619148e-4,0.04158228700469963
Eastern region,-14,0.97105004710538,0.9774154271989944,0.006365380093614426,0.9742682676059122,0.0032182205005322206,0.5055818275110784,0.9743863351250364,0.0033362880196563527,0.5241302122717267
Northeastern region,-14,0.7640416419806325,0.774145130710041,0.010103488729408472,0.7656737059275713,0.001632063946938822,0.1615346926837592,0.7711582539468546,0.007116611966222042,0.7043717429512784
Western region,-14,0.9511511744454156,0.9564526580592656,0.005301483613849967,0.954442867890789,0.0032916934453733893,0.6209004280941167,0.9530908101822524,0.0019396357368367534,0.36586659096135155
Central region,-13,0.9771516008046368,0.9828430072342864,0.005691406429649604,0.9825438107291096,0.005392209924472757,0.9474301284093558,0.9772611964439828,1.0959563934598293e-4,0.019256336847609436
Eastern region,-13,0.9645438719287304,0.972014030839724,0.007470158910993674,0.9682724943330028,0.003728622404272408,0.4991356206338628,0.9684121444257652,0.003868272497034808,0.5178300144782668
Northeastern region,-13,0.7490300686122405,0.7583640861309068,0.009334017518666249,0.7499749967698374,9.44928157596836e-4,0.10123488151882729,0.7560819145622322,0.007051845949991642,0.7554995408878652
Western region,-13,0.9464993359578728,0.9518745333177056,0.005375197359832717,0.9499157847315808,0.0034164487737079474,0.6355950386562683,0.9484005199010246,0.0019011839431517519,0.35369565355102034
Central region,-12,0.9722961674324972,0.978571475113251,0.006275307680753794,0.97838969980327,0.006093532370772703,0.9710332434314589,0.9722985165017032,2.3490692059313645e-6,3.7433530361162987e-4
Eastern region,-12,0.9572161434378632,0.9658077633172404,0.008591619879377177,0.961418095567044,0.0042019521291808415,0.4890756560665541,0.9616784272244568,0.004462283786593635,0.5193763049625415
Northeastern region,-12,0.7337825510240139,0.7425489212101448,0.008766370186130912,0.7341934560176038,4.1090499358986676e-4,0.046872877241706135,0.7407097361520962,0.006927185128082325,0.7901999323553183
Western region,-12,0.9416469015368332,0.9470738786028164,0.005426977065983274,0.945157317675168,0.0035104161383348043,0.64684558192412,0.9434354890358708,0.0017885874990376527,0.32957343974211023
Central region,-11,0.966621438593188,0.9733554264863704,0.006733987893182358,0.9733352642012628,0.006713825608074764,0.9970058922844207,0.9664397178406658,-1.8172075252220754e-4,-0.026985607251564226
Eastern region,-11,0.94923756649399,0.9590056347017116,0.00976806820772158,0.9538692098058156,0.0046316433118255285,0.4741616472501954,0.9543490545810456,0.005111488087055527,0.5232854622181012
Northeastern region,-11,0.7184963316197168,0.726491343880279,0.007995012260562206,0.718059214401646,-4.3711721807082604e-4,-0.054673739554726854,0.7252776813679122,0.006781349748195331,0.8481975420658666
Western region,-11,0.9365357551422858,0.9420840146287376,0.005548259486451768,0.940169775247462,0.0036340201051762167,0.6549838042092461,0.9382284811909872,0.0016927260487014095,0.3050913629463182
Central region,-10,0.9601846283634946,0.9674355321989264,0.00725090383543181,0.9675728480360284,0.00738821967253378,1.0189377545501253,0.9597913137457206,-3.933146177740321e-4,-0.05424352973102273
Eastern region,-10,0.940722289042328,0.9518412157972838,0.011118926754955738,0.9458981709058404,0.005175881863512366,0.4655019299596933,0.9465092312569326,0.005786942214604629,0.5204587045260796
Northeastern region,-10,0.7030513616626408,0.7103935913638272,0.007342229701186365,0.7018749508464002,-0.0011764108162406473,-0.16022528089124774,0.7096493728456689,0.006598011183028052,0.8986386222651055
Western region,-10,0.9311509698083642,0.9367945016539536,0.005643531845589411,0.9349181413891456,0.0037671715807814365,0.6675202132022332,0.9327767882146076,0.0016258184062434289,0.28808527190540345
Central region,-9,0.9527314570333036,0.9605011007640182,0.007769643730714537,0.9608412446512568,0.008109787617953113,1.0437785693948793,0.9521867785794796,-5.44678453823999e-4,-0.07010340148169285
Eastern region,-9,0.9315909732830618,0.944372752180246,0.012781778897184126,0.9376343887479504,0.006043415464888513,0.47281489638503293,0.9380792191676488,0.006488245884586963,0.5076168142774201
Northeastern region,-9,0.6874094883384634,0.6941657880065308,0.006756299668067456,0.6856256524580908,-0.001783835880372564,-0.26402557139429034,0.6940687609715788,0.006659272633115387,0.9856390273198433
Western region,-9,0.925425811441472,0.9312554001572286,0.005829588715756673,0.9293603576244523,0.003934546182980392,0.674926890184515,0.9270054419615332,0.0015796305200612704,0.2709677469684474
Central region,-8,0.9443292685799392,0.9525896487901596,0.008260380210220464,0.9530839129369904,0.0087546443570512,1.0598355201881857,0.943598472707522,-7.307958724172003e-4,-0.0884700042636047
Eastern region,-8,0.9220001205868332,0.9365700754805196,0.014569954893686399,0.9290156027859022,0.007015482199069001,0.48150335744066175,0.929196186660803,0.00719606607396972,0.4938976219540661
Northeastern region,-8,0.6717613683381685,0.677977643331181,0.006216274993012583,0.6694460415162157,-0.00231532682195279,-0.37246209740645936,0.6783399813237951,0.006578612985626675,1.0582886041916388
Western region,-8,0.9193139958086468,0.9253206988696668,0.0060067030610200245,0.9234528828526004,0.0041388870439535985,0.6890447225221678,0.9208306687471478,0.0015166729385009958,0.2524967395747115
Central region,-7,0.9348034636956136,0.9436926241381894,0.008889160442575816,0.9443683664464512,0.009564902750837545,1.0760186873245274,0.9338978424809752,-9.056212146384413e-4,-0.10187927425641323
Eastern region,-7,0.9118508399368668,0.928461659627697,0.016610819690830225,0.9200773197498828,0.008226479813016052,0.49524827589076575,0.919889542923052,0.008038702986185253,0.48394378698980817
Northeastern region,-7,0.6561283945142239,0.6619630931005477,0.005834698586323794,0.6535702568082158,-0.002558137706008101,-0.4384352795882605,0.6626546831944731,0.0065262886802491815,1.1185305605239722
Western region,-7,0.912751307137524,0.9189779630603788,0.0062266559228548735,0.9171079495268568,0.004356642389332865,0.6996761091843627,0.9142340790859472,0.0014827719484232782,0.23813295078354654
Central region,-6,0.9240650258081408,0.9336730273920129,0.009608001583872094,0.934486198586129,0.010421172777988263,1.0846347897653505,0.9229965218353652,-0.0010685039727755807,-0.1112098039793376
Eastern region,-6,0.901146890434904,0.91994512839431275,0.018798237959408715,0.9107163569402512,0.00956946650534718,0.5090618879285738,0.9100822599552288,0.00893536952032481,0.4753301633705814
Northeastern region,-6,0.640491115542166,0.6462319646758683,0.005740849133702319,0.6379617569321352,-0.002529358610030785,-0.44058963249563426,0.6469275798201942,0.006436464278028242,1.1211693824598583
Western region,-6,0.905579959653148,0.912064287251297,0.006484327598148987,0.9102399209928964,0.004659961339748442,0.718649893796031,0.9070453848742392,0.0014654252210912766,0.22599493916834126
Central region,-5,0.9120629383140836,0.9226708291066692,0.010607890792585617,0.92358949279381,0.011526554479726392,1.0866019178650363,0.9108539497976434,-0.0012089885164401348,-0.11397067900483639
Eastern region,-5,0.8898916179137962,0.9109291292282528,0.021037511314456525,0.9008391519007314,0.010947533986935154,0.5203816089887137,0.8997422594730199,0.00985064155922366,0.46824177118585847
Northeastern region,-5,0.624830155428516,0.6306075369130234,0.005777381484507349,0.6226430201718638,-0.0021871352566522617,-0.3785686062998078,0.6311368653152746,0.006306709886758521,1.0916208153591072
Western region,-5,0.8976798881824656,0.9045367800982969,0.006856891915831276,0.902721650292182,0.005041762109716408,0.7352838824943304,0.8991683204782099,0.0014884322957443574,0.2170709869741197
Central region,-4,0.8988190581883468,0.9105266813581891,0.011707623169842307,0.9114834109502156,0.012664352761868725,1.0817185160597635,0.8975138899974489,-0.0013051681908979873,-0.1114802015715686
Eastern region,-4,0.8781709388519283,0.9014523635684754,0.02328142471654704,0.8905142882104188,0.012343349358490463,0.5301801547272814,0.8889059665060172,0.010735027654088847,0.4610983986069819
Northeastern region,-4,0.6087928264177798,0.6151988382672168,0.00640601184943701,0.6074390234459124,-0.0013538029718673794,-0.21133319820292837,0.6151022989491987,0.0063094725314188915,0.9849298876918869
Western region,-4,0.888974460552893,0.8962500141037888,0.007275553550895819,0.8944662586743879,0.005491798121494917,0.7548289051928877,0.8905030627575906,0.0015286022046976377,0.21010115505361446
Central region,-3,0.8843556686304104,0.8973416892744194,0.012986020644009,0.8982891872285713,0.013933518598160943,1.0729629175962434,0.8830096219421281,-0.0013460466882823097,-0.10365351520546812
Eastern region,-3,0.8659097587411797,0.891549519047512,0.025639760306332304,0.87970904202575,0.013799283284570252,0.5381986071516517,0.87754970901559,0.011639950274410338,0.4539804637540077
Northeastern region,-3,0.5927674565558853,0.600092150092523,0.007324693536637783,0.5925014275141955,-2.660290416897082e-4,-0.03631947744421566,0.5990842157347468,0.006316759178861542,0.862392282662121
Western region,-3,0.8792580223476053,0.8869673637476997,0.007709341400094383,0.8852986189533455,0.006040596605740189,0.7835424963364882,0.8808189159065635,0.0015608935589581652,0.20246782156243018
Central region,-2,0.8688668232351694,0.8831828881409426,0.014316064905773196,0.8841221584337023,0.015255335198532949,1.0656095301985518,0.8675945571739393,-0.0012722660612300984,-0.08886981650362842
Eastern region,-2,0.8531324233656633,0.8810410861865067,0.027908662820843366,0.8681943965484669,0.015061973182803556,0.5396880989781653,0.8656941510187016,0.012561727653038313,0.450101380122615
Northeastern region,-2,0.5767303099490033,0.5853925544715154,0.008662244522512075,0.5778687238905394,0.0011384139415361316,0.1314225127884047,0.5830633348564367,0.006333024907433371,0.7311066884540887
Western region,-2,0.868357371269604,0.8764855563396295,0.008128185070025551,0.8749494626436816,0.006592091374077569,0.8110163975457865,0.8699653117102485,0.0016079404406444953,0.197822813677573
Central region,-1,0.8522239242124011,0.8682436343005725,0.01601971008817138,0.8690873512105151,0.01686342699811394,1.0526674268946692,0.8510670368901556,-0.0011568873222455034,-0.07221649554692784
Eastern region,-1,0.8400259268487961,0.8698698883271345,0.029843961478338454,0.8561004693249551,0.016074542476159026,0.5386195960555156,0.8535284094101643,0.013502482561368212,0.45243600019952696
Northeastern region,-1,0.5608299450050822,0.5705528527504989,0.009722907745416731,0.5632761171359357,0.002446172130853519,0.2515885365678407,0.5670081034487893,0.00617815844370706,0.6354229213600606
Western region,-1,0.8562831377010438,0.8647160748929138,0.008432937191869994,0.8633142515843631,0.00703111388331934,0.8337680838057089,0.8578465931644097,0.0015634554633658926,0.18539868468049128
Central region,0,0.8348038551072636,0.8525741714804278,0.017770316373164174,0.8533734062885434,0.018569551181279786,1.0449758344945719,0.8337792615244335,-0.0010245935828301356,-0.057657588155122806
Eastern region,0,0.8264868834596393,0.8579171883517548,0.03143030489211551,0.8432850757891202,0.016798192329480877,0.5344584593480927,0.8408610663252994,0.014374182865660168,0.4573351392867341
Northeastern region,0,0.5446268257896717,0.5558529571300634,0.011226131340391743,0.5487095461004861,0.004082720310814358,0.36368007704708444,0.550672481356536,0.006045655566864316,0.5385341916597735
Western region,0,0.8427919586564534,0.8515941761868874,0.008802217530433976,0.8502899794333794,0.007498020776925962,0.8518331603373005,0.8442692602834952,0.0014773016270418493,0.16783289232900994
Central region,1,0.8165475536772145,0.8360915419279118,0.019543988250697253,0.8367698154599645,0.020222261782749995,1.0347049703137507,0.8157171613796997,-8.303922975148037e-4,-0.04248837478119025
Eastern region,1,0.8124406411212078,0.8451259095831741,0.03268526846196629,0.8295876229781703,0.017146981856962507,0.5246088731660665,0.8275734718958172,0.015132830774609363,0.4629862775096508
Northeastern region,1,0.5284611538164938,0.5409334552763889,0.012472301459895085,0.5341293007811372,0.00566814696464335,0.45445878476152785,0.534374686129644,0.005913532313150172,0.4741332088680861
Western region,1,0.8278776257560881,0.8369563176041579,0.009078691848069753,0.8357542787102306,0.007876652954142416,0.8675977867689268,0.8292278971926235,0.0013502714365353219,0.14872973542134343
Central region,2,0.7976107009945838,0.8188491001481697,0.02123839915358594,0.8193609300950352,0.021750229100451435,1.0240992714735317,0.7969220413852324,-6.88659609351383e-4,-0.03242521267122471
Eastern region,2,0.7976418247489546,0.8315128707059221,0.03387104595696744,0.8150802830603697,0.017438458311415106,0.5148485326839436,0.8135300603760038,0.01588823562704922,0.4690801591198258
Northeastern region,2,0.5121538303896094,0.5259586834567211,0.013804853067111766,0.5193827673741629,0.007228936984553513,0.5236518599227614,0.5180939803528604,0.005940149963250985,0.43029432724659744
Western region,2,0.8115967282128317,0.8208627222460712,0.009265994033239466,0.8197372196380539,0.008140491425222218,0.878534067259294,0.8128119302597576,0.001215202046925934,0.13114643097833828
Central region,3,0.777993978999705,0.8005407246493991,0.022546745649694055,0.8008852352257042,0.02289125622599919,1.0152798360196966,0.7774478059901901,-5.46173009514872e-4,-0.02422402851394579
Eastern region,3,0.7820076377475123,0.817283242017976,0.03527560427046372,0.7999668983495496,0.01795926060203734,0.5091127699568463,0.7986972023261287,0.016689564578616478,0.47311916900572154
Northeastern region,3,0.4956677783886778,0.5108989808644816,0.015231202475803785,0.5045824969230582,0.008914718534380417,0.5852931538755588,0.5015657471449387,0.0058979687562609184,0.3872293579991733
Western region,3,0.793764285007121,0.8032716473036353,0.009507362296514277,0.8021363176382689,0.00837203263114783,0.8805841588909789,0.7949271580464818,0.0011628730393608011,0.12231289847733583
Central region,4,0.7576614302599485,0.7813114622696784,0.023650032009729927,0.7814865321709518,0.023825101911003288,1.007402522804254,0.7572986414462918,-3.6278881365670035e-4,-0.01533988679201129
Eastern region,4,0.7655268237480727,0.8026075486052894,0.037080724857216696,0.7844376399397408,0.018910816191668123,0.5099904671358568,0.7829679365665578,0.01744111281848515,0.4703552286435614
Northeastern region,4,0.4790682962118082,0.49550699703393175,0.016438700822123564,0.4894288839733264,0.010360587761518214,0.6302558744529682,0.4848188716719051,0.0057505754600969405,0.3498193392727052
Western region,4,0.7743612106061374,0.7841798430631212,0.009818632456983778,0.783020218430508,0.008659007824370568,0.8818955045222826,0.7754912780105824,0.0011300674044449899,0.11509417522204915
Central region,5,0.7368262885685328,0.7611667402172287,0.024340451648695915,0.7611852404685914,0.024358951900058545,1.0007600619589827,0.7366382201133795,-1.8806845515328963e-4,-0.007726580339086096
Eastern region,5,0.7484320131605665,0.7872490633156821,0.03881705015511561,0.7681887531023258,0.019756739941759305,0.5089706678588407,0.76655551255159,0.018123499391023534,0.4668953286919223
Northeastern region,5,0.46235155270159806,0.4796497035520277,0.017298150850429628,0.47368952793114544,0.011337975229547381,0.6554443493748225,0.467989640927444,0.005638088225845939,0.3259358919110078
Western region,5,0.7534528196445417,0.7637083355200479,0.010255515875506216,0.7624779474005309,0.009025127755989182,0.8800266964184966,0.7546364896907863,0.0011836700462446448,0.11541789419600683
Central region,6,0.7156785305395323,0.7402631297580944,0.024584599218562042,0.7401598917922236,0.02448136125269129,0.9958007057608325,0.7157152795859536,3.6749046421258313e-5,0.001494799491931997
Eastern region,6,0.7304834900025011,0.7713804584296843,0.040896968427183156,0.7514073161779377,0.020923826175436533,0.5116229143656772,0.7492433647853816,0.018759874782880437,0.45871064541818785
Northeastern region,6,0.445393771089258,0.4635178342741258,0.01812406318486781,0.4577124186228787,0.012318647533620719,0.6796846495164415,0.4510596434640155,0.005665872374757519,0.3126160131403693
Western region,6,0.7309516741490761,0.7419903397462292,0.011038665597153052,0.740565769619634,0.009614095470557915,0.8709472522691019,0.7322694966166992,0.00131782246762302,0.11938240687016512
Central region,7,0.6942917561489799,0.7187642936529772,0.02447253750399736,0.7185105524159258,0.024218796266945897,0.98963159267771,0.69444385591149,1.5209976251018276e-4,0.006215120213232432
Eastern region,7,0.7117664265153262,0.7549005680715618,0.04313414155623563,0.7341697150888822,0.022403288573556,0.5193864480726474,0.7310665045729766,0.019300078057650438,0.4474431937514785
Northeastern region,7,0.4283458067698742,0.447049030283949,0.018703223514074774,0.44133963189195086,0.012993825122076641,0.6947371993014131,0.4338656660756642,0.005519859305789965,0.29512876759645706
Western region,7,0.7071043693919381,0.719200607166359,0.012096237774420926,0.7175372671476792,0.010432897755741077,0.8624911274316054,0.7085470024747431,0.0014426330828050116,0.11926295677286103
Central region,8,0.6727520369800648,0.6969174895524495,0.02416545257238467,0.6965274036296455,0.023775366649580687,0.9838577025762075,0.6730392423485163,2.8720536845150413e-4,0.011884957154897695
Eastern region,8,0.6924490109549303,0.7378264022328164,0.04537739127788609,0.7163205981841456,0.02387158722921534,0.5260678623640658,0.7122011936920882,0.019752182737157953,0.4352868726233684
Northeastern region,8,0.41071180037617894,0.4304656873212426,0.019753886945063637,0.42469777846438167,0.013985978088202733,0.7080114474228949,0.41613845913653874,0.005426658760359804,0.2747134665421323
Western region,8,0.6819900055173843,0.6953499020855305,0.013359896568146179,0.6934503319256025,0.011460326408218147,0.8578155040169134,0.6836264509474285,0.0016364454300441533,0.1224893786936875
Central region,9,0.6510407919169335,0.6750384697279335,0.02399767781099993,0.6745219356186475,0.023481143701713947,0.9784756627972888,0.6513684937414052,3.2770182447161567e-4,0.013655563969668992
Eastern region,9,0.6726076939089803,0.7202060129791007,0.047598319070120354,0.6979711583463332,0.025363464437352823,0.5328647089404178,0.6928230369315989,0.020215343022618515,0.42470707826547205
Northeastern region,9,0.3925050020028404,0.4137722591632075,0.021267257160367092,0.4078901753321464,0.015385173329306001,0.7234206655467197,0.3977563594933661,0.005251357490525688,0.24692217952355094
Western region,9,0.6555145229894378,0.6705084648799797,0.014993941890541929,0.6685180591606056,0.013003536171167784,0.8672526721855793,0.6573363348829123,0.001821811893474523,0.12150319820991896
Central region,10,0.6291134977762215,0.653435888999381,0.02432239122315949,0.6528294802663671,0.023715982490145615,0.9750678817945968,0.6295377322130821,4.2423443686057105e-4,0.01744213523120293
Eastern region,10,0.6521599276999211,0.7017211839784827,0.04956125627856156,0.6788700501948084,0.026710122494887245,0.5389315061902717,0.6726563183789668,0.02049639067904563,0.4135567218846234
Northeastern region,10,0.3738305169917086,0.3971234670067306,0.023292950015022018,0.3909463410739106,0.01711582408220197,0.7348070584088183,0.37904427109962424,0.005213754107915636,0.22383399717739477
Western region,10,0.628233597990847,0.6448409499668637,0.016607351976016704,0.6427835727059321,0.014549974715085123,0.8761164775755511,0.6302229153769292,0.001989317386082212,0.1197853450059383
Central region,11,0.6070253231526703,0.63202631566729,0.025000992514619624,0.6312682213082247,0.02424289815555436,0.969677429461172,0.6075768526574485,5.515295047782143e-4,0.022060304384143987
Eastern region,11,0.631147679487996,0.6824602044131908,0.05131252492519478,0.6591089911394378,0.027961311651441778,0.5449217650506337,0.6518198255830127,0.020672146095016664,0.40286745049387557
Northeastern region,11,0.3549963965324954,0.3800110815065584,0.025014684974063006,0.37365432364003126,0.018657927107535888,0.7458789557766466,0.3601879375360633,0.0051915410035679455,0.2075397315197414
Western region,11,0.6002364759141385,0.6183216487031543,0.01808517278901578,0.6162286177916428,0.015992141877504307,0.8842681274915605,0.6023429419618231,0.0021064660476846075,0.11647475378084261
Central region,12,0.5846053970074857,0.6102814184561005,0.025676021448614805,0.6094011954935019,0.024795798486016207,0.9657180936555853,0.5852483966755597,6.42999668074018e-4,0.02504280771695286
Eastern region,12,0.6096814067936972,0.6622386735616832,0.052557266767986,0.6386266767679883,0.028945269974291143,0.5507377334150577,0.6304156990928719,0.020734292299174673,0.39450857272898504
Northeastern region,12,0.33593693801245944,0.3622573529403485,0.026320414927889058,0.35587063309895567,0.019933695086496228,0.7573472964278586,0.3412290699560109,0.005292131943551437,0.20106567309255846
Western region,12,0.5715896847452132,0.5910032414643756,0.01941355671916234,0.5888591669571649,0.01726948221195168,0.8895578724585624,0.5736104262141304,0.0020207414689171754,0.10408919386330599
Central region,13,0.5616652926132477,0.5881496816964912,0.026484389083243465,0.5871508436442646,0.025485551031016906,0.9622857809146703,0.5624661100246773,8.008174114295663e-4,0.03023733750899466
Eastern region,13,0.587731732957379,0.6410422273973352,0.05331049443995617,0.6173273193391896,0.02959558638181059,0.5551549782593785,0.6086379991977237,0.02090626624034464,0.39216042657213496
Northeastern region,13,0.31669905289440037,0.3436907030767303,0.026991650182329907,0.33704603822549506,0.02034698533109469,0.7538251716234398,0.32204649637435784,0.00534744347995747,0.19811472969734084
Western region,13,0.5424696879950172,0.5629809722501679,0.020511284255150697,0.560855070408341,0.01838538241332388,0.8963545229356875,0.5443371852283883,0.001867497233371096,0.09104730889301282
Central region,14,0.5384200997221289,0.5656176951889633,0.027197595466834423,0.5644732034692778,0.026053103747148865,0.9579193785317829,0.5393473620338508,9.272623117219103e-4,0.034093540101831514
Eastern region,14,0.5652131121011903,0.6189964675100628,0.05378335540887247,0.595267790675212,0.030054678574021665,0.5588100323146377,0.5861902474682401,0.020977135367049815,0.3900302464875459
Northeastern region,14,0.2970737416073347,0.3242415641546499,0.0271678225473152,0.31745044890497853,0.020376707297643848,0.7500309331804558,0.30265789598921117,0.005584154381876483,0.2055429496475537
Western region,14,0.5127458347796167,0.533967460025917,0.021221625246300335,0.5318781212130311,0.01913228643341447,0.9015467105541264,0.5144080234731476,0.0016621886935309638,0.07832523071345542
Central region,15,0.5145502921470678,0.5424116126568207,0.027861320509752874,0.5412614139321512,0.02671112178508339,0.9587170060993033,0.5155815898103149,0.001031297663247055,0.037015390669873256
Eastern region,15,0.5421154180319386,0.595851679213875,0.05373626118193642,0.5721827367865333,0.030067318754594674,0.5595349972860018,0.563133973401081,0.021018555369142322,0.3911428690205891
Northeastern region,15,0.2770079910264721,0.30410145874659245,0.027093467720120334,0.2972557423970958,0.02024775137062368,0.7473296360505066,0.28277841505766094,0.0057704240311888255,0.21298211402092151
Western region,15,0.4822522602935708,0.5041258783093973,0.021873618015826435,0.5021482373969549,0.019895977103384088,0.9095878463722168,0.4835456179890737,0.0012933576955028725,0.05912865875993065
Central region,16,0.4901802141040999,0.5189148848336066,0.028734670729506695,0.5177713408067465,0.027591126702646573,0.9602033363240925,0.4912487236214369,0.0010685095173370018,0.03718537537441779
Eastern region,16,0.5182506273068402,0.571725106752184,0.05347447944534378,0.5482696186116294,0.030018991304789133,0.5613704259706075,0.5390858871401922,0.020835259833351993,0.3896299702112611
Northeastern region,16,0.25631883299613006,0.28362245266519787,0.027303619669067802,0.2767842824878407,0.02046544949171064,0.749550782634725,0.262269623893392,0.005950790897261915,0.2179487910170222
Western region,16,0.4509832915821511,0.4734134637455221,0.02243017216337101,0.4716139987609624,0.02063070717881127,0.9197748028212503,0.4519900329961043,0.0010067414139531827,0.04488335651730818
Central region,17,0.465358702993815,0.4949732854620553,0.029614582468240336,0.49377370254878095,0.02841499955496596,0.9594935057902353,0.46650285255851,0.0011441495646949962,0.03863466810386472
Eastern region,17,0.4935854289278399,0.5466931284154274,0.05310769948758748,0.5234718408517194,0.029886411923879475,0.562751017502926,0.5142960787367048,0.02071064980886489,0.3899745236320292
Northeastern region,17,0.23540595554453744,0.26289553899481183,0.027489583450274385,0.2562145380609466,0.02080858251640913,0.7569624528523523,0.24142182767421583,0.006015872129678385,0.21884188025476747
Western region,17,0.4192583002549616,0.44201992391083794,0.022761623655876362,0.4404520307926073,0.021193730537645727,0.9311168156571356,0.4201082638132311,8.499635582694953e-4,0.0373419564052084
Central region,18,0.4396605930072762,0.470504437785297,0.030843844778020768,0.4693172008182419,0.029656607810965685,0.9615081396110156,0.44082494257907406,0.0011643495717978403,0.03774981945919895
Eastern region,18,0.4682084687388721,0.5206739208244613,0.05246545208558917,0.49771080845430593,0.029502339715433812,0.5623193652711762,0.4887964342694539,0.020587965530581787,0.3924099519240918
Northeastern region,18,0.21452246213777015,0.24177433392169703,0.02725187178392688,0.2352287994081191,0.020706337270348957,0.7598133968383607,0.22040596106134197,0.005883498923571817,0.21589338780912282
Western region,18,0.3874140709846555,0.4102962859403618,0.022882214955706304,0.40894788696774503,0.02153381598308951,0.9410721831244517,0.3883098075726647,8.957365880091772e-4,0.03914553681726519
Central region,19,0.4131236872124958,0.4450556760435665,0.03193198883107068,0.4438439120815808,0.03072022486908499,0.962051722853961,0.41429771252276665,0.001174025310270832,0.03676643244746704
Eastern region,19,0.44230488134732054,0.4937193157820699,0.051414434434749356,0.4709553175874326,0.028650436240112043,0.5572449946225245,0.46272182298822995,0.020416941640909403,0.3971052461312353
Northeastern region,19,0.19376706417561007,0.22039062736976764,0.026623563194157568,0.21421872652106633,0.020451662345456256,0.7681790073067414,0.19951917423152335,0.005752110055913279,0.21605335146031676
Western region,19,0.35582122498411173,0.3786831506514496,0.022861925667337857,0.377421537898451,0.02160031291433928,0.9448159891972265,0.3569177639328493,0.0010965389487375687,0.04796354273446706
Central region,20,0.3858682816133935,0.41866178392601416,0.03279350231262068,0.4174815637123814,0.031613282098987894,0.9640105468948775,0.38707734086092693,0.0012090592475334505,0.03686886615548045
Eastern region,20,0.4157294239657832,0.46595748613570215,0.05022806216991893,0.4432500743954868,0.027520650429703586,0.5479138402075447,0.43593212911606294,0.02020270515027972,0.40221948204840186
Northeastern region,20,0.17350415047561107,0.19959112887961605,0.02608697840400498,0.1938208429478963,0.020316692472285236,0.7788058914928275,0.17899243049032887,0.005488280014717795,0.2103838907565934
Western region,20,0.3250141248798382,0.3479560221394625,0.022941897259624255,0.346615852099573,0.0216017272197348,0.9415841669621615,0.326404224650939,0.0013900997711007723,0.06059218883990153
Central region,21,0.3583783138276888,0.39128602278029295,0.03290770895260414,0.3900798562519901,0.03170154242430129,0.9633469917325435,0.359630737674758,0.001252423847069195,0.03805867642967849
Eastern region,21,0.3882061156017429,0.4376413631875535,0.04943524758581058,0.41509261298318473,0.026886497381441832,0.5438730196459879,0.4079453776262326,0.019739262024489723,0.39929530018487236
Northeastern region,21,0.15404932116035097,0.1789249512882498,0.02487563012789884,0.17372580670461665,0.01967648554426568,0.790994456948363,0.1589849280098325,0.004935606849481522,0.19841132964692523
Western region,21,0.2951455560619767,0.31827619727915274,0.023130641217176062,0.31671661853998195,0.021571062478005276,0.932575205134707,0.296745743496671,0.0016001874346943112,0.06918041828888272
Central region,22,0.3304327791608336,0.3632446357292873,0.0328118565684537,0.3619276703310048,0.031494891170171235,0.9598631246136606,0.3316964520590612,0.0012636728982275969,0.03851269115453009
Eastern region,22,0.35946565602428543,0.40882995645264697,0.04936430042836154,0.38644970382159666,0.026984047797311228,0.5466308154507531,0.3786441912958325,0.01917853527154706,0.3885102210529517
Northeastern region,22,0.13580678694183568,0.15939745692357452,0.023590669981738838,0.15450707936851868,0.018700292426683002,0.7926986576116152,0.1402313040724726,0.004424517130636935,0.18755368686272508
Western region,22,0.2659428294891164,0.28964135549134423,0.023698526002227827,0.2878117343904114,0.021868904901295005,0.9227959958032486,0.26789747839964406,0.0019546489105276565,0.08247976732155857
Central region,23,0.30204441642489305,0.3346214214165777,0.032577004991684644,0.3332179085509074,0.031173492126014335,0.9569170687720201,0.3032317311536682,0.0011873147287751462,0.03644640534260934
Eastern region,23,0.32928778129882436,0.3793153027955149,0.05002752149669054,0.3569992409523705,0.027711459653546155,0.553924296557033,0.34811472212295824,0.018826940824133886,0.37633167226522185
Northeastern region,23,0.11903260093816548,0.14090787595323062,0.021875275015065143,0.1365112274122306,0.017478626474065118,0.799012879245078,0.1228005777640738,0.00376797682590832,0.17224820365976548
Western region,23,0.23740010928620364,0.2616440559253368,0.02424394663913315,0.2595942719748127,0.022194162688609076,0.9154517215767405,0.23960149742125963,0.0022013881350559927,0.09080155833632474
Central region,24,0.27308542832482935,0.30549152602524987,0.03240609770042052,0.30407024288488943,0.03098481456006008,0.9561414906077383,0.2741810973824543,0.0010956690576249262,0.033810583049951985
Eastern region,24,0.2977573670250565,0.34933817706720505,0.05158081004214854,0.32715590338861616,0.029398536363559657,0.5699510406978303,0.3162328544312274,0.018475487406170887,0.3581852900540705
Northeastern region,24,0.10352777467835046,0.12344195958336222,0.01991418490501176,0.1195826073930176,0.016054832714667136,0.8062008458416317,0.10679314934838847,0.0032653746700380126,0.16397229842011873
Western region,24,0.2095645233919898,0.23439494350539525,0.024830420113405444,0.23198874039931724,0.02242421700732744,0.9030945471285464,0.21201109263739876,0.0024465692454089527,0.09853112570125623
Central region,25,0.2439073440619788,0.27575946745160596,0.031852123389627146,0.27435479078025155,0.030447446718272736,0.9559000618523331,0.2449532773826769,0.001045933320698078,0.032837161526213764
Eastern region,25,0.2647227176879379,0.31859721866719865,0.05387450097926072,0.2964893187529822,0.03176660106504425,0.5896407481764514,0.2825320761486693,0.017809358460731395,0.3305712004197905
Northeastern region,25,0.08911255151785331,0.10711596912601816,0.018003417608164846,0.10376603309591952,0.014653481578066202,0.8139277717704336,0.09202150852414534,0.002908957006292026,0.16157804421382563
Western region,25,0.18234749124733896,0.20759164849017828,0.02524415724283932,0.2048303576188276,0.022482866371488636,0.8906166347805513,0.1848976295546502,0.0025501383073112394,0.10101895194123003
Central region,26,0.21519809956523975,0.2456480579973134,0.030449958432073654,0.2443077008260951,0.02910960126085535,0.9559816420042638,0.2162122333004863,0.0010141337352465585,0.03330493003820812
Eastern region,26,0.230665679069544,0.28596961833022966,0.055303939260685664,0.2642336031396023,0.03356792407005832,0.606971664564969,0.24715537451355016,0.016489695444006164,0.29816493480290507
Northeastern region,26,0.07562197539746207,0.09192546783958667,0.016303492442124604,0.08907658851382466,0.01345461311636259,0.8252595671832165,0.07815135577469398,0.00252938037723191,0.15514346918066174
Western region,26,0.15623646788837608,0.1807505272337592,0.024514059345383116,0.17782918625854074,0.02159271837016466,0.880829978664115,0.15877935247991926,0.002542884591543171,0.10373168130646987
Central region,27,0.18727991824210433,0.21663258248526648,0.029352664243162158,0.21527732136325217,0.027997403121147846,0.9538283437991485,0.18825915610425625,9.79237862151927e-4,0.03336112367994143
Eastern region,27,0.19723048913074537,0.25123989219165666,0.05400940306091129,0.230681684198993,0.03345119506824762,0.6193587259337356,0.211766911445332,0.014536422314586628,0.26914613920454905
Northeastern region,27,0.0629061261939609,0.0775462821318199,0.014640155937859,0.07524953550530766,0.012343409311346767,0.8431200708338826,0.0652413218345736,0.0023351956406127,0.15950619996976637
Western region,27,0.13205066756891684,0.15395006310556006,0.021899395536643218,0.15108248128809906,0.019031813719182222,0.8690565768053823,0.13441481160621482,0.0023641440372979827,0.10795476219159442
Central region,28,0.16123274823943462,0.189408060770558,0.028175312531123375,0.1879584787701683,0.026725730530733682,0.9485513426412417,0.1622431347850989,0.0010103865456642935,0.035860704102152814
Eastern region,28,0.1669236655047796,0.21528212286011697,0.048358457355337364,0.19763900221796837,0.030715336713188768,0.6351595644892649,0.1790893277980784,0.012165662293298796,0.25157258851136743
Northeastern region,28,0.0511149273656422,0.06425589462184295,0.013140967256200745,0.06243686005442137,0.011321932688779165,0.8615752910758344,0.05324656784464291,0.0021316404790007112,0.16221336203351908
Western region,28,0.11047511090547622,0.12878183764432838,0.018306726738852155,0.12620480223357944,0.015729691328103215,0.8592301372325765,0.11252573682190783,0.0020506259164316115,0.11201488642311963
Central region,29,0.1376476682364343,0.16448244410322344,0.026834775866789146,0.1629894992980084,0.025341831061574116,0.9443652962623509,0.1387078780065772,0.0010602097701429003,0.03950879915695593
Eastern region,29,0.14076924560321633,0.18107995357957676,0.04031070797636044,0.16753021119417708,0.02676096559096075,0.6638674172295432,0.150395430623103,0.009626185019886685,0.23879970119928942
Northeastern region,29,0.04019867780213219,0.05195464711708595,0.011755969314953763,0.05048305136959672,0.010284373567464533,0.8748214028070541,0.04206233183448484,0.0018636540323526476,0.15852831718283347
Western region,29,0.09184221989504118,0.10703146394996955,0.015189244054928372,0.10475713369698109,0.012914913801939903,0.8502670544522242,0.09366644593865577,0.0018242260436145824,0.12009985730808544
Central region,30,0.11644258517751538,0.14207944316948343,0.02563685799196805,0.1405565681929604,0.024113983015445012,0.9405982208506148,0.11749461404695512,0.001052028869439739,0.041035795797181404
Eastern region,30,0.11890769145142696,0.15211197831632314,0.03320428686489618,0.14175731195284624,0.022849620501419282,0.6881527254113706,0.1269613777456816,0.008053686294254625,0.24254959388298267
Northeastern region,30,0.03031643358822676,0.04061844037737727,0.010302006789150508,0.03944021781093606,0.009123784222709302,0.8856317423822664,0.03188902239331574,0.0015725888050889779,0.1526487836083684
Western region,30,0.0757952927673467,0.08853285686822426,0.012737564100877563,0.08651340080734352,0.010718108039996815,0.8414566517673803,0.07745803897112057,0.0016627462037738655,0.1305387898820709
Central region,31,0.09758252502885156,0.12223592053227748,0.02465339550342592,0.12072358595344831,0.02314106092459675,0.9386561344615183,0.09857256336876584,9.90038339914276e-4,0.04015829542736605
Eastern region,31,0.09986300387694548,0.12809435025056437,0.02823134637361889,0.11987240702222891,0.020009403145283433,0.7087654581002008,0.10691106877460328,0.007048064897657802,0.2496538707145738
Northeastern region,31,0.02155986593399526,0.03060005639152212,0.00904019045752686,0.02958161281718019,0.008021746883184928,0.8873426860720642,0.02278461590527305,0.001224749971277788,0.13547833721335611
Western region,31,0.06174834634475466,0.07256434943360061,0.010816003088845956,0.07067077671754782,0.00892243037279316,0.8249286080543421,0.06329408512378465,0.0015457387790299912,0.14291219837243205
Central region,32,0.08078268834611808,0.10448438639519056,0.023701698049072475,0.1030227022437361,0.02224001389761801,0.9383299817410481,0.08169357969513223,9.108913490141479e-4,0.03843148061072334
Eastern region,32,0.0821524085446982,0.10720214859199367,0.025049740047295474,0.10037190600651628,0.018219497461818085,0.7273327957662848,0.08835049756962406,0.006198089024925857,0.2474312712716171
Northeastern region,32,0.01417471619787777,0.02216609162259448,0.007991375424716708,0.02134652573348324,0.007171809535605471,0.8974437007956874,0.01513759147214224,9.628752742644707e-4,0.12048930541873576
Western region,32,0.04929915962365093,0.05870129182263054,0.009402132198979611,0.05696118124778899,0.007662021624138059,0.8149238345074108,0.0506838359268942,0.0013846763032432652,0.1472725839138425
Central region,33,0.06556042682462622,0.08804668703252157,0.022486260207895348,0.08671379018948877,0.02115336336486255,0.9407239429451771,0.06636958128990078,8.091544652745614e-4,0.035984394816815826
Eastern region,33,0.06534860292705502,0.08780170432676997,0.022453101399714945,0.08209282278345417,0.01674421985639915,0.7457419604675071,0.07074297747606022,0.005394374549005196,0.2402507543600939
Northeastern region,33,0.00854717381137968,0.01505545912975154,0.006508285318371859,0.01444306386813501,0.0058958900567553305,0.905905283548674,0.00922499969916242,6.778258877827396e-4,0.10414815187486394
Western region,33,0.03822453503578484,0.0464443961574762,0.00821986112169136,0.04487102315359809,0.006646488117813251,0.8085888580615869,0.03945381301878819,0.0012292779830033532,0.14954972654701137
Central region,34,0.05189287429925694,0.07250751916301795,0.020614644863761016,0.07129309823039845,0.019400223931141512,0.9410894080084609,0.0525510114048618,6.581371056048613e-4,0.03192570669804826
Eastern region,34,0.04974318777537692,0.06971075972871517,0.019967571953338252,0.06499977711600317,0.015256589340626257,0.7640683292029207,0.0542645207833083,0.00452133300793138,0.22643379067305613
Northeastern region,34,0.00472152253824107,0.00946387442888185,0.00474235189064078,0.00902902726745009,0.00430750472920902,0.9083055894080849,0.00517387926942379,4.523567311827195e-4,0.0953865806701235
Western region,34,0.02853336089881057,0.03574725521842416,0.007213894319613591,0.0343566942881531,0.00582333338934253,0.8072385221266251,0.02950652663819331,9.731657393827406e-4,0.13490157968308963
Central region,35,0.03975471450688574,0.05772980785736107,0.017975093350475334,0.05663348520630274,0.016878770699417005,0.939008792350481,0.04027116010469361,5.1644559780787e-4,0.02873117750980765
Eastern region,35,0.03589519767124975,0.05276667195908083,0.016871474287831083,0.04912355044425798,0.013228352773008233,0.7840662023560958,0.03948556648402052,0.003590368812770771,0.21280705832331454
Northeastern region,35,0.00247986370946598,0.00531769998734405,0.0028378362778780698,0.00498117290046167,0.0025013091909956904,0.8814141994357721,0.00272666466312009,2.468009536541098e-4,0.08696800290348317
Western region,35,0.02037686162564243,0.02651170908187715,0.006134847456234719,0.02537696908300596,0.005000107457363529,0.8150337058963093,0.02108314316979246,7.062815441500302e-4,0.1151261786358275
Central region,36,0.02918164015020215,0.04388414426985623,0.014702504119654076,0.04288164357360039,0.013700003423398242,0.9318142890423879,0.02955000169403683,3.6836154383467976e-4,0.025054340460429446
Eastern region,36,0.0242941092727097,0.03770537332860527,0.013411264055895569,0.03507314983331117,0.010779040560601468,0.803730395261513,0.02699252238783398,0.002698413115124282,0.2012049799241753
Northeastern region,36,0.00126532124494062,0.00265499215382632,0.0013896709088857,0.00245188847057203,0.00118656722563141,0.8538476397860645,0.0013944179817955,1.2909673685488005e-4,0.09289734427728329
Western region,36,0.01384922202923719,0.01857069700465789,0.004721474975420699,0.01771727638860066,0.0038680543593634688,0.8192470318067951,0.01428876990692366,4.3954787768646884e-4,0.09309545851131058
Central region,37,0.0204792273445412,0.03156270421963351,0.01108347687509231,0.03068764307512045,0.010208415730579248,0.9210481372970994,0.02070245136703719,2.2322402249598874e-4,0.020140252468756975
Eastern region,37,0.01515736116266718,0.0251169352686088,0.009959574105941619,0.02329745539817945,0.00814009423551227,0.8173134863925662,0.01706807798690134,0.00191071682423416,0.19184724205167333
Northeastern region,37,5.828512196159364e-4,0.0011984343205685,6.155831009525636e-4,0.00106744936254328,4.845981429273435e-4,0.7872180736889434,6.138966726640982e-4,3.1045453048161756e-5,0.05043259472217723
Western region,37,0.00886322584056519,0.01212614539225346,0.003262919551688271,0.01149221524284451,0.002628989402279321,0.8057168926886513,0.0091527362807901,2.895104402249101e-4,0.08872742206442515
Central region,38,0.01378298576702024,0.02118190020346744,0.007398914436447201,0.02047500315508397,0.0066920173880637285,0.9044593562399799,0.01392149348822938,1.3850772120914054e-4,0.0187200058061016
Eastern region,38,0.00858342542262172,0.01527256506026889,0.006689139637647171,0.01415025664160098,0.005566831218979261,0.8322193167636325,0.00978508569684794,0.00120166027422622,0.179643472751436
Northeastern region,38,2.0854282546724464e-4,4.35983261502008e-4,2.2744043603476337e-4,3.72328079121691e-4,1.6378525365444633e-4,0.7201237234236237,2.2068262373809705e-4,1.2139798270852402e-5,0.05337572545366068
Western region,38,0.00526086504505979,0.0072615376342628,0.0020006725892030095,0.00685783565828,0.0015969706132202095,0.7982168705856968,0.00543595726688304,1.7509222182324983e-4,0.08751667952475911
Central region,39,0.00865423501365432,0.01324419336472296,0.004589958351068639,0.01275133047577745,0.00409709546212313,0.8926214899464697,0.00873380268884783,7.956767519350962e-5,0.017335162785297297
Eastern region,39,0.00432609419192731,0.00832860264979741,0.0040025084578701,0.00772199854419545,0.00339590435226814,0.848444016549372,0.00497431715584303,6.482229639157202e-4,0.1619541771713498
Northeastern region,39,3.276424624591612e-5,1.4900225408603918e-4,1.1623800784012306e-4,1.1642158488961558e-4,8.365733864369946e-5,0.7197072644153025,3.7387937863070496e-5,4.623691617154375e-6,0.03977779474261058
Western region,39,0.00276663825158075,0.00396613387446588,0.0011994956228851303,0.0037059868614935,9.393486099127501e-4,0.7831196646248261,0.00287227474883473,1.0563649725398028e-4,0.08806743037535583
Central region,40,0.00493834323936995,0.00745417944805473,0.00251583620868478,0.00712325990552211,0.0021849166661521606,0.8684653868203859,0.00499119363884581,5.2850399475860496e-5,0.021007090721334932
Eastern region,40,0.00190675456976439,0.0039700589334381,0.0020633043636737094,0.00374055351613144,0.0018337989463670498,0.8887680260133674,0.00215669570883855,2.4994113907416e-4,0.12113634007400649
Northeastern region,40,1.008876659849015e-6,4.504212639673896e-5,4.4033249736889944e-5,3.4748711549525755e-5,3.373983488967674e-5,0.7662354037297038,1.0511530429599796e-6,4.227638311096469e-8,9.601013634827548e-4
Western region,40,0.00125843605104424,0.00181918601305869,5.6074996201445e-4,0.0016441319015214,3.8569585047715997e-4,0.6878214473552134,0.00132211171509721,6.367566405296996e-5,0.11355446877645815
